MFE,MAE,Final_PL,Win,MFE_Utilization
128.52636322667962,161.69445696259484,0.0,False,0.0
140.06309148265035,51.915277151869724,109.77917981072407,True,78.37837837837704
77.87291572780582,55.70076611085927,63.81252816584146,True,81.94444444444518
69.7611536728261,51.915277151869724,27.039206849932405,True,38.75968992248035
113.56466876971527,66.69671022983408,0.0,False,0.0
114.4659756647163,128.88688598467533,83.8215412347921,True,73.22834645669278
185.66922036953505,45.966651644884266,124.38035150968659,True,66.99029126213489
199.2789544840009,55.5205047318603,151.68995042811807,True,76.11940298507362
17.034700315458526,68.13880126182855,-69.35556557007442,False,-407.14285714281766
384.7272727272701,9.454545454546777,260.3636363636344,True,67.67485822306233
341.0909090909064,8.000000000002645,216.72727272727073,True,63.53944562899778
193.45454545454476,50.18181818181884,69.09090909090908,True,35.714285714285836
141.00000000000136,10.499999999999545,72.99999999999955,True,51.77304964538925
131.00000000000136,20.499999999999545,65.49999999999955,True,49.99999999999913
0.0,179.63636363636417,-177.27272727272728,False,
81.18181818181895,163.2272727272735,-157.18181818182052,False,-193.6170212765968
46.636363636364415,246.9999999999992,-224.54545454545456,False,-481.4814814814735
34.18181818182016,111.27272727272528,-90.18181818181884,False,-263.8297872340292
232.90909090909176,127.90909090909177,205.2272727272727,True,88.11475409836032
128.4545454545458,67.90909090909054,-0.8181818181810739,False,-0.6369426751586545
86.54545454545398,21.000000000001155,-0.6363636363645045,False,-0.7352941176480667
333.7727272727276,0.0,328.68181818181876,True,98.47473784556729
118.63636363636321,75.68181818181858,39.3181818181812,True,33.141762452106875
284.3181818181816,16.818181818182023,174.09090909090887,True,61.23101518784969
21.272727272726527,211.63636363636337,-201.27272727272774,False,-946.1538461538815
427.0909090909083,84.72727272727339,386.54545454545433,True,90.50659855257568
179.4545454545451,0.0,36.545454545454376,True,20.364741641337332
179.4545454545451,0.0,36.545454545454376,True,20.364741641337332
71.27272727272735,9.909090909090992,-0.9090909090909091,False,-1.275510204081631
122.18181818181785,33.45454545454562,112.54545454545429,True,92.11309523809528
55.63636363636388,61.18181818181793,-32.09090909090884,False,-57.6797385620908
0.0,246.54545454545436,-251.45454545454493,False,
94.77272727272789,76.81818181818119,18.86363636363678,True,19.904076738609422
75.0,34.772727272727685,-21.59090909090909,False,-28.787878787878785
63.454545454544785,118.72727272727305,1.9999999999998346,True,3.1518624641831536
62.04545454545392,105.00000000000063,-21.13636363636405,False,-34.065934065935075
159.81818181818198,37.45454545454528,107.27272727272727,True,67.12172923777013
214.63636363636311,0.0,142.90909090909113,True,66.58195679796724
69.54545454545433,24.77272727272748,62.04545454545392,True,89.21568627450918
114.54545454545476,30.45454545454566,80.22727272727313,True,70.03968253968276
99.77272727272748,45.22727272727293,0.0,False,0.0
49.95454545454487,198.86363636363635,-199.18181818181938,False,-398.7261146496886
84.81818181818156,137.4545454545457,5.454545454545454,True,6.430868167202592
138.27272727272677,40.09090909090983,105.81818181818105,True,76.5285996055224
0.0,186.90909090909122,-175.2727272727266,False,
140.31818181818156,33.09090909090938,109.77272727272727,True,78.23129251700695
113.90909090909004,59.500000000000874,89.0909090909091,True,78.21229050279389
111.999999999999,4.363636363637355,86.54545454545355,True,77.27272727272707
147.27272727272768,146.81818181818056,2.7272727272723136,True,1.8518518518515659
39.63636363636397,83.99999999999966,9.09090909090909,True,22.93577981651357
29.04545454545417,29.04545454545417,24.136363636364003,True,83.0985915492981
29.04545454545417,29.04545454545417,24.136363636364003,True,83.0985915492981
92.00000000000045,21.000000000001364,0.0,False,0.0
35.0,136.5000000000003,-5.090909090908802,False,-14.54545454545372
168.99999999999864,11.000000000001362,50.0,True,29.585798816568285
118.99999999999862,33.500000000001364,10.99999999999909,True,9.243697478990939
58.99999999999863,116.00000000000136,-22.99999999999954,False,-38.983050847457754
109.22727272727198,33.9545454545462,-0.40909090909053697,False,-0.37453183520565436
362.9999999999995,47.00000000000045,292.99999999999955,True,80.71625344352617
321.49999999999864,0.0,251.4999999999986,True,78.22706065318808
205.6363636363651,37.0909090909076,43.63636363636363,True,21.22015915119348
47.09090909090822,182.63636363636394,-181.68181818181932,False,-385.8108108108204
60.45454545454421,229.09090909090952,-220.45454545454547,False,-364.6616541353459
289.5454545454537,22.272727272727685,274.0909090909078,True,94.66248037676593
275.00000000000006,4.999999999999586,259.5454545454541,True,94.38016528925603
196.36363636363635,74.86363636363524,178.36363636363595,True,90.83333333333313
173.86363636363635,73.22727272727309,87.13636363636438,True,50.11764705882397
94.49999999999962,74.8636363636371,-57.272727272727266,False,-60.606060606060844
4.090909090909091,163.2272727272731,-142.36363636363524,False,-3479.9999999999727
112.72727272727272,18.54545454545587,95.63636363636265,True,84.83870967741848
73.63636363636488,57.727272727271895,72.27272727272768,True,98.14814814814704
177.54545454545223,34.36363636363694,-1.272727272729009,False,-0.716845878137188
23.72727272727347,157.90909090909238,-160.3636363636356,False,-675.8620689654929
69.09090909090908,67.63636363636495,-1.4545454545474386,False,-2.1052631578976087
135.2727272727266,18.18181818181818,-1.4545454545474386,False,-1.0752688172057732
136.00000000000196,1.4545454545441316,-0.7272727272720658,False,-0.5347593582882759
0.0,126.5454545454552,-46.54545454545521,False,
15.999999999999089,207.0000000000027,-194.99999999999997,False,-1218.7500000000693
13.363636363637228,252.00000000000085,-226.22727272727096,False,-1692.85714285702
207.99999999999932,97.45454545454612,96.72727272727404,True,46.50349650349729
111.27272727272528,17.454545454546114,7.2727272727272725,True,6.535947712418418
195.4999999999979,18.54545454545525,0.0,False,0.0
79.09090909090847,11.59090909091095,56.590909090907225,True,71.55172413792924
292.0909090909076,51.54545454545603,217.6363636363629,True,74.50980392156875
201.09090909090853,137.4545454545449,65.54545454545571,True,32.59493670886143
3.8181818181820657,219.81818181818153,-181.09090909090932,False,-4742.857142856841
250.36363636363745,145.63636363636326,105.54545454545529,True,42.15686274509815
104.36363636363694,17.81818181818008,0.0,False,0.0
144.18181818181873,0.0,17.727272727272727,True,12.295081967213067
206.8181818181818,7.090909090910703,41.95454545454491,True,20.285714285714025
321.3636363636363,24.18181818181934,143.81818181818124,True,44.75247524752458
337.99999999999955,11.500000000000908,185.99999999999906,True,55.02958579881636
54.0909090909095,226.3636363636351,-208.63636363636405,False,-385.71428571428356
93.50000000000135,13.999999999998632,-12.5,False,-13.368983957219058
39.63636363636397,170.9090909090909,-49.45454545454512,False,-124.77064220183298
10.818181818182108,216.04545454545487,-187.0909090909082,False,-1729.4117647058279
55.36363636363665,77.31818181818095,35.0,True,63.21839080459737
199.2727272727279,7.999999999999338,158.9090909090919,True,79.7445255474455
142.1818181818195,35.63636363636264,114.90909090909224,True,80.81841432225083
97.81818181818049,21.818181818181817,71.27272727272694,True,72.86245353159916
161.9999999999996,22.909090909090533,108.81818181818144,True,67.1717171717171
379.0909090909084,51.13636363636363,222.9545454545442,True,58.81294964028755
102.27272727272727,183.40909090908838,0.0,False,0.0
0.0,179.99999999999957,-168.18181818181816,False,
113.86363636363615,2.499999999999793,0.0,False,0.0
27.45454545454529,91.99999999999983,-58.54545454545421,False,-213.24503311258286
394.9090909090901,11.454545454546198,371.45454545454487,True,94.06077348066303
20.727272727272478,84.27272727272751,-12.000000000000247,False,-57.89473684210715
105.45454545454544,15.636363636364296,85.81818181818149,True,81.37931034482729
60.95454545454582,95.72727272727309,13.090909090908344,True,21.476510067112738
10.454545454544213,156.36363636363677,-142.2727272727281,False,-1360.8695652175609
75.2727272727295,131.72727272727198,51.54545454545603,True,68.47826086956516
103.54545454545524,91.95454545454616,81.13636363636363,True,78.35820895522335
107.99999999999953,22.00000000000045,90.99999999999908,True,84.25925925925877
94.90909090909015,52.363636363637106,78.5454545454538,True,82.75862068965503
157.6363636363608,17.772727272728677,142.18181818181537,True,90.19607843137238
43.77272727272839,65.86363636363599,-16.363636363636363,False,-37.3831775700925
19.500000000000455,114.50000000000044,-57.499999999999986,False,-294.8717948717879
159.96711878339477,0.0,154.78832716810575,True,96.76258992805802
210.76859843814194,9.535552815454471,179.8602548294281,True,85.3354134165365
44.882860665844376,81.70982326346103,43.15659679408138,True,96.15384615384671
30.9905466502246,60.91245376078965,-20.304151253597357,False,-65.51724137931657
257.1311138512119,0.0,149.28072338676412,True,58.056265984654395
69.62597616111745,62.72092067406548,24.74311549527176,True,35.53719008264264
12.946979038223855,53.02096177558514,-27.12700369913743,False,-209.5238095238229
250.84258117550098,39.82737361282559,79.65474722564481,True,31.75487465180989
236.08713522400092,37.4845869297182,74.96917385943041,True,31.754874651809896
147.55445951500243,57.131113851212874,-3.2881216605003174,False,-2.228412256266644
183.18181818181816,25.99999999999785,137.09090909091069,True,74.83870967742024
127.04545454545453,30.72727272727165,85.09090909090962,True,66.97674418604693
70.9090909090909,86.86363636363528,28.954545454545993,True,40.833333333334096
72.54545454545533,254.77272727272725,-200.36363636363478,False,-276.19047619047103
22.54545454545719,238.54545454545254,-208.7272727272714,False,-925.8064516127888
134.99999999999812,0.0,120.68181818181694,True,89.39393939393972
29.454545454543467,144.00000000000048,-97.63636363636412,False,-331.4814814815055
185.5454545454551,40.18181818181925,-0.5909090909085535,False,-0.3184713375793272
176.50000000000088,157.00000000000045,-0.9999999999990904,False,-0.5665722379598217
254.0909090909095,55.45454545454669,137.72727272727147,True,54.20393559928386
16.363636363636363,162.54545454545553,-163.2727272727276,False,-997.7777777777798
172.00000000000065,67.27272727272727,130.9090909090909,True,76.10993657505256
119.54545454545539,47.272727272727685,-0.9090909090900822,False,-0.7604562737635614
119.04545454545602,31.090909090908717,-0.40909090909053697,False,-0.34364261168353194
18.00000000000037,179.18181818181705,-103.90909090908941,False,-577.2727272727071
20.727272727273718,190.36363636363683,-183.81818181818082,False,-886.8421052631106
270.68181818182,20.45454545454545,267.2727272727291,True,98.7405541561713
127.63636363636289,13.909090909093141,39.27272727272503,True,30.76923076922919
253.81818181818247,32.00000000000066,175.2727272727266,True,69.05444126074455
160.63636363636283,14.681818181820537,-0.8636363636355779,False,-0.5376344086016641
187.3636363636408,22.909090909088672,114.54545454545453,True,61.13537117903785
139.90909090909386,40.09090909090611,68.72727272726975,True,49.122807017540694
274.90909090909264,32.45454545454198,259.63636363636186,True,94.4444444444432
142.5,69.95454545454074,0.0,False,0.0
274.54545454545286,15.454545454543803,201.81818181818016,True,73.5099337748343
122.09090909091049,44.81818181818322,-14.681818181822397,False,-12.025316455699517
42.31818181818653,131.2727272727257,-110.54545454545611,False,-261.22448979589296
40.09090909091355,124.36363636363487,-104.72727272727421,False,-261.224489795893
217.45454545454652,92.77272727272619,184.36363636363527,True,84.78260869565125
105.18181818181925,27.772727272726197,-0.5909090909112407,False,-0.5617977528110268
52.00000000000107,51.409090909089834,-42.54545454545347,False,-81.81818181817806
289.54545454545456,0.0,187.72727272727275,True,64.83516483516483
255.81818181818642,11.454545454540824,154.0000000000046,True,60.19900497512509
101.04545454545298,2.5909090909106616,12.09090909090595,True,11.965811965809042
85.49999999999685,52.68181818182132,-16.40909090909562,False,-19.19191919192541
74.72727272727172,13.090909090912067,38.72727272726975,True,51.824817518244885
114.63636363636417,88.63636363636364,-0.5909090909085535,False,-0.5154639175253021
31.181818181818766,6.681818181819339,6.045454545453389,True,19.387755102036746
193.63636363636422,14.318181818181197,56.59090909091032,True,29.225352112676607
39.272727272727934,234.90909090908892,-232.72727272727272,False,-592.5925925925826
73.81818181818247,63.272727272725945,-5.454545454545454,False,-7.389162561576288
65.86363636363413,90.40909090909238,-78.54545454545752,False,-119.25465838510172
66.5454545454552,72.36363636363504,-61.81818181818181,False,-92.89617486338706
43.36363636363785,238.9090909090894,-214.36363636363487,False,-494.33962264148903
92.90909090908742,18.454545454548924,85.9090909090909,True,92.465753424661
247.50000000000122,26.590909090906607,238.63636363636363,True,96.41873278236866
376.3636363636364,8.363636363638264,207.00000000000188,True,55.00000000000049
171.8181818181785,123.63636363636694,116.36363636362975,True,67.72486772486519
247.22727272726922,93.54545454545627,188.999999999993,True,76.4478764478747
94.54545454545124,62.727272727277686,90.9090909090909,True,96.15384615384951
86.86363636363113,67.77272727273073,81.13636363636363,True,93.40659340659903
220.59090909090338,27.18181818182198,151.59090909090907,True,68.72037914692119
43.99999999999636,213.0000000000018,-214.00000000000543,False,-486.3636363636889
51.818181818180165,239.09090909091077,-223.63636363636692,False,-431.57894736844116
21.63636363636504,256.54545454545314,-229.49999999999858,False,-1060.7142857142103
150.4545454545471,25.454545454542973,132.72727272727602,True,88.2175226586115
49.6363636363648,202.9999999999977,-194.0909090909091,False,-391.02564102563184
80.99999999999909,22.499999999999996,65.99999999999909,True,81.48148148148128
32.1818181818162,132.54545454545553,-21.272727272730247,False,-66.10169491526754
98.72727272727471,131.999999999999,58.363636363640325,True,59.11602209945034
99.49999999999817,33.00000000000182,0.0,False,0.0
35.50000000000182,201.99999999999815,-190.9999999999991,False,-538.0281690140544
16.50000000000091,95.99999999999908,-18.49999999999909,False,-112.12121212120043
100.36363636363065,66.9090909090966,0.0,False,0.0
181.99999999999815,48.00000000000181,153.99999999999636,True,84.61538461538348
43.27272727272265,68.72727272727968,-31.818181818181817,False,-73.52941176471374
6.181818181817519,19.272727272727934,-14.181818181820166,False,-229.41176470593905
125.27272727273156,40.18181818181388,0.0,False,0.0
9.227272727270327,370.40909090909565,-232.00000000000475,False,-2514.28571428642
13.499999999993301,274.9090909090976,-225.8181818181885,False,-1672.7272727281522
12.363636363632148,35.54545454545735,-5.409090909096532,False,-43.750000000060396
244.36363636363114,0.0,222.40909090908394,True,91.01562499999909
232.72727272726775,0.0,211.8181818181752,True,91.0156249999991
158.4545454545489,92.59090909090735,76.36363636363636,True,48.19277108433629
188.04545454545277,21.95454545454719,103.09090909091081,True,54.82233502538214
75.27272727272577,25.363636363639333,0.0,False,0.0
138.318181818179,12.363636363639174,0.0,False,0.0
247.0909090909076,100.63636363636512,96.54545454545601,True,39.072847682120035
103.90909090908941,22.909090909092395,-1.6363636363621479,False,-1.574803149604889
50.727272727271234,98.18181818181817,29.454545454540987,True,58.06451612902516
24.499999999998177,146.5000000000009,-145.0,False,-591.8367346939216
311.4090909090952,53.18181818181818,151.2727272727294,True,48.576850094876676
234.00000000000213,72.68181818181925,73.86363636363636,True,31.565656565656276
148.6363636363628,19.54545454545537,5.9090909090876025,True,3.9755351681935163
280.90909090909173,4.090909090907437,254.54545454545453,True,90.61488673139132
250.45454545454297,0.0,242.27272727272396,True,96.73321234119746
171.36363636363552,35.45454545454628,168.63636363636527,True,98.40848806366192
44.90909090908768,20.090909090912312,41.95454545454223,True,93.42105263157848
57.18181818181537,111.27272727273149,2.3181818181761957,True,4.05405405404442
97.36363636363753,96.72727272727157,9.545454545454547,True,9.803921568627336
92.90909090909322,163.5454545454534,85.9090909090909,True,92.46575342465523
102.45454545454776,8.909090909088594,64.90909090909555,True,63.354037267083854
188.3636363636337,39.27272727273124,0.0,False,0.0
318.681818181815,61.318181818184954,0.0,False,0.0
157.90909090909238,105.54545454545155,0.0,False,0.0
345.0909090909069,41.9545454545476,206.8181818181818,True,59.93150684931544
330.31818181817965,25.409090909091987,192.04545454545456,True,58.13953488372131
85.63636363636263,117.81818181818379,0.0,False,0.0
289.81818181818113,72.00000000000065,137.4545454545428,True,47.42785445420245
198.54545454545337,25.772727272728428,60.454545454545446,True,30.448717948718123
38.81818181818124,140.95454545454604,-104.04545454545396,False,-268.0327868852484
55.99999999999908,3.0000000000018185,43.99999999999636,True,78.57142857142337
61.09090909090809,3.2727272727292567,47.99999999999602,True,78.57142857142334
200.90909090909008,9.09090909090909,57.272727272724794,True,28.506787330315625
56.36363636363471,211.81818181818346,-180.45454545454874,False,-320.16129032259585
185.09090909090776,2.1818181818195046,181.8181818181818,True,98.231827111985
39.27272727272628,54.54545454545454,-18.00000000000099,False,-45.833333333337016
75.49999999999727,19.50000000000273,22.999999999997268,True,30.463576158937876
132.13636363636436,29.454545454544707,89.18181818181891,True,67.49226006191968
50.81818181818397,120.54545454545239,29.545454545454543,True,58.139534883718454
3.2727272727242958,242.18181818182114,-240.545454545459,False,-7350.000000006821
50.18181818181554,228.36363636364032,-205.09090909091438,False,-408.6956521739451
0.0,131.13015816912497,-35.87523195192623,False,
0.0,233.8075461694815,-210.47980913670088,False,
0.0,285.411328090485,-266.85517363259055,False,
93.31094813112888,22.267385349474885,0.0,False,0.0
66.62543076787102,16.43545109127893,-0.3534505611024444,False,-0.5305039787793611
33.409090909090914,176.272727272729,-152.72727272727275,False,-457.1428571428571
175.50000000000222,26.59090909090909,49.090909090909086,True,27.972027972027618
149.545454545457,53.63636363636446,9.09090909090909,True,6.0790273556229995
118.99999999999883,3.8181818181812397,73.81818181818124,True,62.03208556149745
38.45454545454396,230.31818181818255,-191.0454545454538,False,-496.8085106383152
57.81818181818049,204.0000000000013,-3.2727272727259495,False,-5.660377358488407
250.54545454545652,44.727272727270076,133.0909090909104,True,53.12046444121926
140.72727272727494,9.409090909087931,8.590909090910579,True,6.104651162791659
121.49999999999925,41.31818181817958,-0.8181818181810739,False,-0.673400673400065
158.31818181818477,25.772727272724293,26.18181818182041,True,16.537467700259498
431.7727272727267,0.0,422.54545454545513,True,97.86293294030978
240.22727272727272,0.0,89.40909090909207,True,37.2185430463581
40.63636363636264,159.00000000000048,-146.45454545454496,False,-360.402684563766
39.81818181818281,101.45454545454578,-25.272727272726613,False,-63.470319634699955
77.18181818181867,110.99999999999949,4.090909090909091,True,5.300353356890426
43.09090909090958,145.09090909090858,-29.999999999999993,False,-69.62025316455616
75.45454545454712,35.45454545454421,-0.22727272727148706,False,-0.30120481927545817
93.00000000000097,9.27272727272628,12.545454545455536,True,13.489736070382158
120.22727272727396,163.18181818181858,-0.9090909090900822,False,-0.7561436672960908
155.72727272727371,74.45454545454595,128.7272727272722,True,82.66199649737217
114.54545454545453,53.45454545454645,100.0,True,87.30158730158732
217.72727272727104,102.72727272727438,187.72727272727357,True,86.22129436325784
263.6363636363637,30.000000000001652,220.90909090909258,True,83.79310344827648
49.090909090909086,138.27272727272802,47.04545454545453,True,95.83333333333331
49.090909090909086,138.27272727272802,47.04545454545453,True,95.83333333333331
57.09090909090843,109.45454545454677,55.27272727272661,True,96.81528662420378
133.7727272727265,120.27272727272577,114.13636363636586,True,85.32110091743334
52.90909090908991,169.09090909090907,-135.27272727272825,False,-255.67010309279016
98.1818181818157,27.72727272727438,-0.9090909090900822,False,-0.9259259259251071
114.54545454545371,23.181818181819835,109.99999999999918,True,96.03174603174601
91.63636363636213,22.909090909092395,-0.4090909090923973,False,-0.4464285714302028
82.63636363636289,51.54545454545603,-0.4090909090923973,False,-0.4950495049523005
328.18181818181733,10.454545454546281,183.63636363636198,True,55.95567867035975
275.7272727272712,0.0,146.18181818181668,True,53.016815034618936
142.90909090909113,114.8181818181828,22.09090909091008,True,15.458015267176242
0.0,159.27272727272626,-142.09090909091006,False,
80.45454545454461,39.545454545454746,0.0,False,0.0
41.81818181818099,154.77272727272808,-141.36363636363697,False,-338.0434782608777
40.90909090909091,129.09090909090847,-116.59090909090847,False,-284.9999999999985
27.954545454544835,166.36363636363697,-165.90909090909093,False,-593.4959349593629
373.54545454545337,35.0,271.72727272727155,True,72.7427597955706
169.90909090908974,49.00000000000029,157.81818181818153,True,92.88389513108662
199.7727272727285,8.863636363635536,189.3181818181822,True,94.76678043230906
172.04545454545516,72.04545454545516,158.636363636363,True,92.20607661822916
81.27272727272776,13.090909090907106,74.45454545454595,True,91.61073825503362
98.40909090909133,22.954545454544213,92.72727272727315,True,94.22632794457276
152.7272727272744,112.04545454545394,71.13636363636405,True,46.577380952380715
110.54545454545323,19.636363636363967,-1.4545454545457854,False,-1.3157894736845255
270.8181818181829,10.636363636363264,266.3181818181833,True,98.33836858006057
148.36363636363535,17.454545454545702,22.09090909090884,True,14.889705882352875
46.09090909090809,128.45454545454643,-123.272727272728,False,-267.45562130178257
192.4999999999996,25.22727272727252,181.36363636363572,True,94.21487603305772
56.13636363636323,8.181818181817974,44.99999999999938,True,80.16194331983753
195.9545454545458,6.545454545454172,110.45454545454544,True,56.36743215031304
84.6818181818193,98.18181818181817,-42.13636363636252,False,-49.758454106278215
0.0,151.63636363636297,-152.3636363636367,False,
43.63636363636426,137.0454545454539,19.77272727272789,True,45.312500000000774
121.36363636363656,43.86363636363678,118.86363636363573,True,97.94007490636638
25.09090909090942,156.72727272727238,-141.45454545454578,False,-563.7681159420229
47.72727272727273,37.72727272727252,47.272727272727685,True,99.04761904761992
20.681818181817974,29.090909090908468,20.227272727272933,True,97.80219780219977
68.72727272727346,134.45454545454467,-112.90909090909115,False,-164.28571428571288
304.77272727272725,19.636363636362514,251.9999999999996,True,82.68456375838915
327.27272727272725,33.181818181816936,179.0909090909095,True,54.72222222222235
356.3636363636368,73.18181818181776,345.9090909090905,True,97.06632653061202
56.954545454547194,7.954545454545454,-0.6363636363630576,False,-1.1173184357531396
95.18181818181966,41.18181818181669,45.81818181818231,True,48.13753581661867
95.18181818181966,41.18181818181669,45.81818181818231,True,48.13753581661867
190.59090909091083,16.227272727270993,175.31818181818298,True,91.98664440734534
138.09090909091083,48.68181818181586,97.36363636363753,True,70.50691244239627
37.86363636363809,79.86363636363463,-24.49999999999942,False,-64.7058823529367
234.00000000000296,33.954545454542476,178.36363636363782,True,76.22377622377589
103.63636363636364,6.545454545455207,-0.36363636363768653,False,-0.3508771929837326
52.72727272727272,156.36363636363635,-55.27272727272992,False,-104.82758620690159
183.6818181818204,67.90909090908868,153.8181818181833,True,83.74164810690402
195.0000000000025,54.99999999999752,161.81818181818346,True,82.98368298368275
87.54545454545678,5.318181818178841,57.681818181819665,True,65.88785046728974
18.909090909089834,152.45454545454652,-138.27272727272512,False,-731.2500000000302
53.772727272726115,33.09090909090938,-1.2727272727275623,False,-2.366863905326033
130.45454545454544,7.954545454545454,127.90909090909177,True,98.04878048780556
52.49999999999999,20.04545454545368,49.95454545454633,True,95.15151515151683
125.99999999999949,37.63636363636412,123.81818181818205,True,98.26839826839885
233.45454545454479,35.636363636364294,145.81818181818147,True,62.461059190031186
86.90909090908958,48.72727272727306,-42.545454545455534,False,-48.95397489539937
227.81818181818153,23.545454545454835,110.09090909090881,True,48.32402234636865
143.4999999999997,35.31818181818298,25.772727272726986,True,17.960088691795846
125.18181818181841,61.636363636363384,62.999999999999744,True,50.326797385620615
61.636363636363384,48.81818181818206,-51.00000000000074,False,-82.74336283185994
19.363636363636115,112.3636363636371,-113.72727272727344,False,-587.3239436619831
95.18181818181718,17.454545454545702,86.72727272727198,True,91.11747851002883
51.818181818181806,122.18181818181743,-108.81818181818205,False,-210.0000000000005
77.81818181818049,25.81818181818314,-1.4545454545457854,False,-1.86915887850513
22.18181818181785,156.72727272727403,-121.45454545454578,False,-547.5409836065671
5.818181818181487,173.0909090909104,-176.0000000000003,False,-3025.000000000178
17.18181818181847,164.49999999999943,-148.27272727272697,False,-862.9629629629467
95.8181818181823,11.454545454544956,95.63636363636347,True,99.81024667931622
142.49999999999957,54.77272727272707,122.27272727272664,True,85.80542264752773
134.90909090909057,19.636363636363967,14.909090909090578,True,11.051212938005174
66.90909090908958,26.909090909091237,-0.7272727272737193,False,-1.0869565217406345
152.18181818181785,35.63636363636347,74.90909090909057,True,49.223416965352335
132.18181818181867,1.4545454545449583,130.7272727272729,True,98.89958734525422
104.00000000000091,123.49999999999908,80.0,True,76.92307692307625
99.50000000000044,127.99999999999953,72.99999999999955,True,73.3668341708535
0.0,210.81818181818102,-160.9090909090909,False,
86.99999999999818,4.500000000000455,-1.0000000000013642,False,-1.149425287357914
393.8181818181808,23.272727272727604,390.18181818181716,True,99.07663896583564
258.5454545454542,26.909090909091237,113.81818181818082,True,44.02250351617407
57.81818181818215,86.5454545454552,-25.454545454545457,False,-44.02515723270415
435.49999999999955,7.000000000000455,408.99999999999864,True,93.91504018369669
314.50000000000045,0.0,172.00000000000045,True,54.68998410174888
181.3636363636347,30.000000000001652,60.45454545454421,True,33.33333333333295
38.181818181816524,193.63636363636527,-195.45454545454544,False,-511.9047619047841
145.09090909090858,46.90909090909288,19.63636363636314,True,13.53383458646587
20.114942528735043,180.38561364479025,-174.8702261772343,False,-869.3548387097046
20.439377085649205,193.13125695216982,-173.94327030033486,False,-851.0204081633342
67.2969966629596,3.615127919910253,50.333704115683844,True,74.79338842975085
166.85205784204672,110.77122728958145,-30.589543937708143,False,-18.33333333333308
196.05116796440487,53.80978865406045,-2.5027808676303214,False,-1.2765957446806577
67.4823878383399,4.820170559880338,41.52762328513264,True,61.538461538462116
113.0886169818321,15.294771968855127,86.20689655172372,True,76.22950819672064
132.04486466444285,36.66110493140438,103.49462365591428,True,78.37837837837809
136.1234705228045,98.39636633296116,-19.88320355951103,False,-14.606741573033903
65.8138672599197,75.54690396736989,-76.0103819058217,False,-115.49295774647727
151.77272727272958,22.590909090907356,47.09090909090967,True,31.02725366876301
104.04545454545686,58.22727272727042,-48.363636363635784,False,-46.48318042813296
5.409090909093224,169.59090909090676,-169.90909090908974,False,-3141.1764705868695
76.36363636363637,104.36363636363694,-96.72727272727445,False,-126.6666666666689
0.0,248.49999999999824,-248.81818181818122,False,
224.7272727272717,15.272727272728263,70.36363636363686,True,31.310679611650848
37.000000000000455,135.49999999999955,-80.0,False,-216.21621621621355
93.54545454545628,167.36363636363464,-0.6363636363630576,False,-0.6802721088429061
260.4090909090895,2.3181818181832234,108.95454545454476,True,41.83976261127592
33.09090909090793,161.00000000000117,-143.81818181818124,False,-434.61538461539817
106.36363636363636,19.499999999998387,-1.7727272727256602,False,-1.6666666666651508
51.13636363636363,6.136363636363636,15.954545454545825,True,31.200000000000728
425.45454545454606,2.0454545454557853,392.72727272727207,True,92.30769230769202
2.727272727272727,157.6363636363629,-155.72727272727246,False,-5709.999999999991
46.90909090909041,159.81818181818153,-152.99999999999974,False,-326.16279069767734
28.318181818180662,110.40909090909179,-81.77272727272815,False,-288.76404494383513
224.7272727272742,77.9999999999985,210.54545454545402,True,93.68932038834868
104.72727272727421,73.63636363636363,64.9090909090914,True,61.979166666666266
99.8636363636369,149.50000000000105,73.2727272727278,True,73.3727810650889
111.13636363636486,58.63636363635991,52.50000000000495,True,47.23926380368491
234.18181818182345,52.36363636363504,-1.4545454545441316,False,-0.6211180124217814
217.99999999999724,44.99999999999999,214.00000000000088,True,98.16513761468055
261.00000000000364,17.99999999999727,180.5000000000018,True,69.15708812260507
102.27272727272727,19.54545454545537,-2.7272727272743813,False,-2.666666666668284
34.18181818182347,197.0909090909051,-179.6363636363623,False,-525.5319148935317
176.18181818181503,176.18181818182288,69.95454545454466,True,39.70588235294144
102.77272727272413,38.00000000000078,-42.3181818181826,False,-41.176470588237315
18.49999999999909,72.5,2.999999999997271,True,16.216216216202263
72.27272727272664,193.63636363636732,-195.6818181818169,False,-270.7547169811327
72.40909090909015,6.136363636363636,29.04545454545231,True,40.11299435027981
73.63636363635867,226.36363636364132,-215.4545454545438,False,-292.5925925926101
6.545454545451899,138.90909090909355,-142.54545454545718,False,-2177.7777777786982
96.54545454545354,110.72727272727371,-0.5454545454565297,False,-0.5649717514144905
196.27272727272444,35.54545454545735,60.27272727272867,True,30.70866141732399
86.54545454545314,71.86363636363777,-3.0909090909062797,False,-3.5714285714253813
204.54545454545453,7.363636363637108,196.77272727272504,True,96.19999999999891
96.95454545454841,10.636363636361404,89.18181818181891,True,91.98312236286715
275.45454545454544,124.36363636363733,258.5454545454525,True,93.86138613861313
110.99999999999909,69.50000000000273,-0.500000000001819,False,-0.45045045045209287
15.13636363636289,36.81818181818181,-32.318181818184044,False,-213.51351351353873
108.63636363636613,7.272727272724792,55.90909090909173,True,51.46443514644309
69.13636363636256,252.90909090909196,-191.45454545454865,False,-276.92307692308583
116.18181818182039,25.772727272724293,-0.8181818181810739,False,-0.7042253521120221
57.09090909090843,97.45454545454612,-61.09090909090975,False,-107.00636942675396
52.18181818182281,191.5454545454511,-192.18181818181702,False,-368.2926829267944
254.72727272727667,7.090909090905122,213.27272727272924,True,83.7259100642393
93.81818181818576,34.363636363632395,52.36363636363834,True,55.81395348837186
21.818181818181817,42.545454545455534,-19.63636363636562,False,-90.0000000000091
130.00000000000003,7.681818181819256,-0.5909090909112407,False,-0.45454545454710804
282.95454545454544,12.272727272728511,246.1363636363599,True,86.9879518072276
76.22727272727596,128.81818181817752,71.50000000000215,True,93.79844961240194
153.63636363636363,44.31818181818182,133.54545454545132,True,86.92307692307483
142.72727272727934,16.363636363629748,-6.3636363636347095,False,-4.458598726113284
25.90909090909091,201.22727272727425,-197.77272727273197,False,-763.3333333333514
96.00000000000529,27.636363636358347,-1.4545454545441316,False,-1.5151515151500536
76.36363636363637,200.45454545454544,-178.81818181818414,False,-234.1666666666697
49.90909090909388,62.59090909090611,24.95454545454694,True,50.0
152.27272727272725,40.90909090909091,124.54545454545288,True,81.79104477611833
177.4545454545428,42.1818181818195,50.18181818181554,True,28.278688524589096
173.81818181817917,96.72727272727404,48.00000000000264,True,27.61506276150822
33.999999999997186,205.54545454545737,-193.95454545454828,False,-570.454545454601
20.090909090904873,271.2272727272756,-273.54545454545877,False,-1361.5384615387684
144.72727272727008,28.36363636364033,69.81818181817785,True,48.241206030148895
108.81818181817833,29.272727272729586,-1.2727272727261152,False,-1.1695906432738274
132.95454545454544,156.8181818181818,0.0,False,0.0
383.18181818181694,14.318181818184298,242.7272727272752,True,63.34519572953822
154.77272727272603,0.6818181818206622,14.318181818184298,True,9.25110132158758
49.50000000000273,87.99999999999727,-26.999999999998177,False,-54.54545454544786
1.9090909090891726,198.54545454545624,-199.4999999999965,False,-10450.000000009322
91.63636363636711,124.09090909090908,-0.9545454545402455,False,-1.0416666666609427
131.72727272727198,25.772727272728016,106.77272727272504,True,81.05590062111678
341.9999999999953,9.50000000000314,205.54545454545612,True,60.10101010101139
163.6363636363636,0.0,34.363636363642314,True,21.00000000000364
290.18181818181347,126.09090909091222,143.36363636363163,True,49.404761904761074
53.99999999999553,166.90909090909537,-171.00000000000446,False,-316.66666666670113
300.68181818181444,24.545454545457023,154.09090909090537,True,51.24716553287922
0.0,235.18181818181924,-223.95454545454328,False,
96.99999999999817,35.50000000000182,-0.500000000001819,False,-0.5154639175276582
129.50000000000273,121.49999999999635,121.5000000000009,True,93.82239382239254
125.36363636364098,14.636363636359006,-1.2727272727261152,False,-1.0152284263949782
14.727272727276691,166.90909090908792,-165.81818181817982,False,-1125.9259259256091
69.13636363636256,40.18181818181925,-6.50000000000215,False,-9.401709401712658
116.72727272727073,0.0,-0.5454545454565297,False,-0.46728971962787613
289.4999999999982,98.0000000000018,169.0000000000009,True,58.37651122625284
161.99999999999898,0.0,30.545454545456526,True,18.855218855220198
187.63636363636164,105.27272727272825,27.8181818181838,True,14.825581395350051
49.636363636360656,117.81818181818379,-110.18181818181718,False,-221.97802197803327
20.45454545454545,203.1818181818194,-173.18181818182188,False,-846.6666666666849
52.27272727272727,11.363636363636363,6.818181818181818,True,13.043478260869565
53.999999999996355,112.49999999999999,-63.00000000000181,False,-116.66666666667788
143.18181818181816,20.45454545454545,-0.8181818181847946,False,-0.5714285714306503
0.0,210.95454545454683,-188.54545454545874,False,
90.36363636364099,160.9999999999954,43.27272727272843,True,47.8873239436608
22.272727272727273,194.72727272727505,-195.363636363641,False,-877.142857142878
177.27272727272725,120.00000000000247,176.5909090909066,True,99.61538461538322
135.9090909090909,131.77272727272833,80.36363636363313,True,59.13043478260632
146.7272727272757,50.727272727268755,-1.0909090909080987,False,-0.7434944237911303
0.0,150.54545454545155,-60.13636363636289,False,
70.9090909090909,74.18181818182016,-33.818181818185785,False,-47.69230769231329
94.81019622225932,19.163763066207594,-2.017238217493122,False,-2.127659574466232
94.90188886851273,85.82431688978994,-1.6504676324943728,False,-1.7391304347810272
344.6726572528901,53.91527599486871,177.15019255455363,True,51.39664804469146
97.56097560976077,11.553273427466447,-1.2836970474956235,False,-1.315789473682951
126.35246653218846,55.42820465798209,-2.3840088024918717,False,-1.8867924528284077
129.3783238584223,78.71813680543106,0.7793874931187984,True,0.6024096385509493
343.29726755914476,11.553273427468115,342.7471116816441,True,99.83974358974301
369.7047496790797,11.553273427468115,363.6530350265928,True,98.3630952380947
127.08600770218679,70.97010819731807,-1.6504676324943728,False,-1.2987012987000714
79.91014120667697,283.05519897303884,-259.94865211810014,False,-325.30120481927
159.1784338896074,66.01870529983495,-1.4670823399949982,False,-0.9216589861742461
56.390977443607774,161.60828901522098,-35.07243719053982,False,-62.19512195122533
29.70841738492873,133.68787823216178,-134.2380341096624,False,-451.8518518517995
5.909090909090908,88.63636363636364,-39.000000000002146,False,-660.0000000000364
208.63636363636365,60.27272727272867,174.63636363635942,True,83.70370370370168
50.0,36.36363636363636,-26.363636363641326,False,-52.727272727282646
54.99999999999999,40.0,-29.000000000005453,False,-52.727272727282646
141.13636363636363,89.99999999999999,118.22727272727123,True,83.76811594202793
119.4545454545447,120.68181818181817,105.95454545454395,True,88.6986301369856
134.99999999999918,69.54545454545537,59.54545454545206,True,44.10774410774253
0.9999999999990904,184.99999999999997,-167.00000000000273,False,
109.63636363636066,96.54545454545601,-4.909090909093885,False,-4.477611940301343
228.18181818181733,22.727272727272727,173.1818181818157,True,75.89641434262867
210.0000000000033,41.36363636363389,180.00000000000165,True,85.71428571428515
22.09090909091132,16.77272727272504,5.318181818182562,True,24.07407407407501
150.0,49.090909090909086,-0.5454545454565297,False,-0.3636363636376865
189.5000000000027,177.99999999999724,158.00000000000182,True,83.37730870712379
190.2272727272727,18.409090909090907,96.5454545454523,True,50.752688172041836
105.13636363636289,16.363636363636363,76.09090909090685,True,72.3735408560295
92.04545454545453,115.77272727272799,-0.4090909090923973,False,-0.4444444444460614
78.54545454545752,112.90909090908866,-111.27272727272651,False,-141.66666666666035
16.363636363636363,267.95454545454544,-255.27272727272944,False,-1560.0000000000132
316.81818181818517,139.0909090909066,295.9090909090926,True,93.40028694404545
10.000000000003306,186.8181818181793,-172.2727272727256,False,-1722.7272727266864
150.68181818181816,49.04545454545562,41.95454545454223,True,27.843137254899826
108.72727272727595,43.72727272727058,-42.54545454545347,False,-39.13043478260654
241.09090909090807,23.45454545454644,139.63636363636064,True,57.9185520361981
0.0,131.45454545454245,-126.54545454545354,False,
215.5909090909133,116.68181818181395,153.0000000000014,True,70.96774193548313
203.72727272727715,148.0909090909046,137.45454545454692,True,67.46987951807154
165.45454545454544,35.45454545454545,23.045454545452394,True,13.92857142857013
141.8181818181818,60.86363636363743,-24.227272727274876,False,-17.08333333333485
8.181818181818182,220.90909090909088,-209.45454545454842,False,-2560.0000000000364
453.2727272727242,122.72727272727272,436.9090909090879,True,96.3898916967509
0.0,249.54545454545706,-247.72727272727272,False,
0.0,260.90909090909344,-255.45454545454874,False,
100.36363636363437,18.54545454545752,-1.0909090909080987,False,-1.0869565217381634
9.999999999999172,120.90909090909255,-93.63636363636529,False,-936.3636363637305
220.99999999999903,30.500000000001815,106.99999999999817,True,48.41628959275957
313.6363636363636,50.90909090909008,298.18181818181984,True,95.07246376811648
368.6363636363612,68.63636363636529,359.09090909090907,True,97.41060419235575
41.72727272727198,170.18181818181966,-173.45454545454396,False,-415.6862745098078
12.09090909090967,123.77272727272613,-5.727272727273306,False,-47.36842105263409
218.18181818181816,20.363636363637685,18.909090909086938,True,8.666666666664847
23.272727272732567,202.1818181818129,-197.81818181818048,False,-849.9999999998008
92.04545454545453,17.59090909090983,61.36363636363636,True,66.66666666666667
205.09090909091108,33.81818181817917,174.9090909090922,True,85.28368794326222
223.49999999999906,20.0,190.49999999999727,True,85.23489932885819
90.45454545454793,14.09090909090661,-0.9090909090900822,False,-1.0050251256271991
370.4999999999989,17.136363636361484,230.45454545454544,True,62.200956937799226
55.499999999997264,134.50000000000273,-59.50000000000272,False,-107.2072072072174
10.499999999997272,29.500000000002725,-7.000000000002728,False,-66.66666666670997
400.6363636363647,30.72727272727165,397.6818181818192,True,99.26253687315634
53.77272727272942,185.54545454545237,-181.40909090908983,False,-337.36263736262185
109.90909090908768,22.454545454546526,-0.5909090909112407,False,-0.5376344086041223
182.59090909090696,141.22727272727596,173.72727272727056,True,95.14563106796109
145.49999999999727,32.00000000000273,120.49999999999726,True,82.81786941580724
123.0000000000018,26.999999999998177,95.5000000000018,True,77.64227642276455
98.18181818181817,65.45454545454545,50.181818181817185,True,51.1111111111101
22.272727272727273,60.454545454545446,-25.454545454545457,False,-114.2857142857143
37.0909090909105,74.95454545454405,-59.49999999999859,False,-160.41666666665677
306.31818181818375,116.04545454544885,175.63636363636553,True,57.337883959044625
427.59090909090526,63.77272727273107,406.6818181818144,True,95.11002444987771
309.1818181818197,37.99999999999685,-3.4545454545423118,False,-1.1173184357531678
214.5454545454537,9.09090909090909,44.54545454545537,True,20.762711864407247
310.49999999999727,119.50000000000271,123.49999999999908,True,39.774557165861566
86.86363636363528,79.77272727272727,-1.181818181817107,False,-1.3605442176858544
422.72727272727263,1.0909090909080987,415.09090909091105,True,98.19354838709727
300.0,10.99999999999909,171.99999999999818,True,57.333333333332725
100.90909090909089,18.00000000000099,0.0,False,0.0
100.90909090909089,18.00000000000099,0.0,False,0.0
129.0909090909091,69.81818181818115,-0.36363636363768653,False,-0.28169014084609517
162.90909090909156,0.0,9.454545454546777,True,5.803571428572217
376.09090909090855,50.27272727272785,354.13636363636425,True,94.16243654822365
76.36363636363636,103.63636363636364,49.090909090909086,True,64.28571428571428
142.72727272727107,65.00000000000084,-1.3636363636371907,False,-0.9554140127394439
170.18181818181594,16.77272727272876,-0.4090909090923973,False,-0.24038461538549305
128.72727272727138,47.636363636364955,-1.4545454545474386,False,-1.1299435028264118
84.72727272727339,150.9090909090909,-1.4545454545441316,False,-1.716738197423318
64.90909090908974,154.63636363636482,46.77272727272669,True,72.05882352941217
77.45454545454446,110.72727272727371,61.90909090909041,True,79.92957746478912
155.45454545454464,24.090909090909918,-0.9090909090900822,False,-0.5847953216368981
238.09090909090833,150.54545454545527,104.72727272727049,True,43.98625429553184
54.18181818181685,47.636363636364955,3.6363636363636362,True,6.71140939597332
64.36363636363735,20.999999999999503,26.454545454547432,True,41.10169491525667
65.68181818181735,45.68181818181901,-13.86363636363719,False,-21.107266435987686
188.49999999999787,176.6818181818214,74.45454545454223,True,39.498432601879614
67.5,131.5000000000009,-134.0000000000009,False,-198.51851851851987
9.499999999998181,248.0000000000018,-239.5000000000027,False,-2521.0526315794586
0.9545454545460332,147.6363636363625,-83.99999999999885,False,
14.909090909088924,10.54545454545653,2.1818181818161975,True,14.634146341452054
14.909090909088924,10.54545454545653,2.1818181818161975,True,14.634146341452054
180.90909090909173,14.545454545453719,73.18181818181984,True,40.452261306533394
30.499999999997268,139.50000000000273,-89.50000000000271,False,-293.44262295085485
8.727272727274709,76.90909090908792,-63.27272727272429,False,-724.9999999998013
74.49999999999818,178.0000000000018,-95.5000000000018,False,-128.1879194630928
65.00000000000084,64.54545454545371,47.27272727272975,True,72.7272727272756
107.63636363636495,32.72727272727273,-0.7272727272753731,False,-0.6756756756781255
41.72727272727198,206.59090909090907,-167.72727272727272,False,-401.9607843137327
341.72727272727155,33.727272727273885,259.6363636363648,True,75.97765363128552
80.81818181818066,62.36363636363753,-53.45454545454893,False,-66.1417322834698
119.99999999999997,10.636363636362644,-0.5454545454540494,False,-0.45454545454504125
131.18181818181915,22.363636363635866,97.63636363636412,True,74.42827442827425
90.00000000000082,14.090909090908678,51.81818181818223,True,57.575757575757514
85.36363636363686,7.363636363635867,75.54545454545652,True,88.49840255591235
104.72727272727172,31.636363636364624,91.63636363636213,True,87.4999999999994
21.99999999999818,79.50000000000273,-29.000000000000906,False,-131.81818181819685
20.909090909092562,169.99999999999832,-151.81818181818016,False,-726.0869565216738
127.27272727272727,35.45454545454628,0.4545454545429741,True,0.35714285714090827
24.772727272726446,94.09090909091033,0.22727272727148706,True,0.9174311926555748
55.27272727272992,77.81818181818049,26.181818181820827,True,47.3684210526341
201.27272727273024,0.0,144.81818181818775,True,71.95121951219701
207.86363636363353,111.27272727273149,154.54545454545456,True,74.34944237918317
190.8636363636316,61.318181818184954,124.3636363636332,True,65.15837104072395
169.09090909090412,96.36363636363967,62.727272727269415,True,37.096774193547525
166.363636363638,0.0,61.81818181818347,True,37.15846994535582
24.54545454545082,218.86363636363882,-171.1363636363661,False,-697.222222222338
177.95454545454544,0.0,81.00000000000074,True,45.51724137931076
99.87418948998248,78.67995741798228,-0.2903319461928688,False,-0.2906976744196652
61.93748185425424,54.92112648795078,-18.629633213974202,False,-30.078124999998863
30.484854350140324,161.134230136456,-151.11777799283766,False,-495.71428571428305
204.00658085744627,34.06561501984005,134.32691377141126,True,65.84440227703973
63.09880963902131,18.968353817863683,-6.580857447013714,False,-10.429447852759502
42.001354882414326,72.48620923255774,-17.274750798414086,False,-41.12903225806866
114.48756411496899,37.936707635732645,-0.6774412077833607,False,-0.5917159763335264
127.35894706280662,143.61753604955186,-0.33872060389168035,False,-0.2659574468094821
59.61482628471702,191.03842059421459,-170.7151843607877,False,-286.36363636364837
55.453401722634624,178.8444788541576,-171.00551630697922,False,-308.37696335079704
74.45454545454595,14.181818181817683,49.363636363637355,True,66.30036630036719
106.27272727272612,0.0,83.99999999999885,True,79.04191616766445
143.18181818181816,51.13636363636363,55.2272727272752,True,38.5714285714303
42.49999999999958,168.86363636363677,-159.09090909090907,False,-374.33155080214266
75.0,23.863636363636363,-0.22727272727355408,False,-0.30303030303140543
113.63636363636363,144.09090909091032,-0.4545454545450411,False,-0.39999999999963615
122.50000000000124,104.77272727272603,-0.6818181818165281,False,-0.5565862708706295
178.9090909090894,52.09090909091008,-2.727272727272727,False,-1.524390243902452
126.00000000000074,21.272727272726527,-0.4090909090923973,False,-0.3246753246765039
119.27272727272792,11.636363636362974,-0.36363636363768653,False,-0.3048780487815953
175.0,56.81818181818181,142.72727272727107,True,81.5584415584406
130.45454545454544,6.363636363636364,-1.2727272727261152,False,-0.9756097560966739
295.272727272725,64.27272727272958,293.04545454545286,True,99.24568965517261
85.09090909090858,47.18181818181868,-0.27272727272578445,False,-0.3205128205110734
97.90909090908991,24.000000000000494,-1.0909090909105792,False,-1.1142061281352362
426.5454545454535,13.636363636363635,404.99999999999994,True,94.94884910485956
129.318181818181,15.909090909090908,-0.9090909090900822,False,-0.7029876977146551
543.6363636363636,102.54545454545554,366.3636363636363,True,67.39130434782608
189.54545454545453,27.636363636363306,54.2727272727271,True,28.63309352517977
173.18181818181816,32.181818181817846,37.90909090909074,True,21.889763779527467
4.545454545454545,196.63636363636382,-178.81818181818164,False,-3933.999999999997
67.27272727272727,34.54545454545454,-0.3636363636360329,False,-0.540540540540049
62.954545454545034,113.63636363636363,24.318181818181404,True,38.62815884476494
88.90909090909065,4.500000000000248,-1.2272727272734711,False,-1.3803680981603499
3.2727272727267764,168.54545454545502,-165.0,False,-5041.666666667431
68.04545454545405,32.86363636363686,22.63636363636289,True,33.26653306613141
271.3636363636363,28.36363636363785,193.63636363636363,True,71.356783919598
2.9545454545458676,69.09090909090826,-57.95454545454545,False,-1961.5384615381874
44.72727272727339,114.72727272727172,-29.818181818181156,False,-66.6666666666642
155.68181818181816,80.45454545454461,124.77272727272853,True,80.14598540146068
277.27272727272725,44.5454545454533,245.68181818181904,True,88.6065573770495
87.63636363636165,113.09090909091042,-64.363636363639,False,-73.44398340249431
21.272727272727767,271.90909090909037,-176.18181818181668,False,-828.2051282051018
9.454545454546777,86.54545454545189,-37.090909090908426,False,-392.3076923076304
72.27272727272562,186.8181818181835,-151.8181818181843,False,-210.06289308176926
65.04545454545305,168.1363636363651,-136.63636363636587,False,-210.06289308176926
182.1818181818195,44.3636363636357,141.09090909090975,True,77.44510978043893
1.9090909090891726,216.68181818181935,-187.72727272727275,False,-9833.333333342278
30.454545454544625,157.5000000000004,-136.1363636363649,False,-447.01492537315073
105.81818181818313,126.1818181818175,0.0,False,0.0
278.090909090908,82.09090909090676,246.27272727272614,True,88.55835240274594
405.8181818181831,34.18181818181686,354.9090909090922,True,87.45519713261652
124.363636363639,28.363636363633717,-1.4545454545441316,False,-1.1695906432737653
308.86363636363757,42.27272727272602,135.00000000000122,True,43.7086092715234
164.31818181818429,86.59090909090784,5.454545454546694,True,3.3195020746895008
72.72727272727272,145.00000000000247,60.90909090908925,True,83.74999999999773
267.8181818181788,62.18181818182115,110.18181818181718,True,41.14052953156831
169.0000000000009,27.499999999999996,44.99999999999999,True,26.627218934911095
120.5000000000018,69.49999999999818,-48.49999999999908,False,-40.248962655600295
4.090909090907437,227.7272727272744,-190.4545454545479,False,-4655.555555557497
11.818181818179337,211.81818181818346,-171.81818181818264,False,-1453.8461538464662
147.63636363636164,49.454545454546775,140.36363636363436,True,95.07389162561569
185.7272727272712,38.454545454547684,142.77272727272577,True,76.87224669603506
139.50000000000148,56.045454545453794,101.45454545454618,True,72.72727272727248
93.63636363636529,58.63636363636198,-28.181818181817356,False,-30.097087378639365
184.3636363636373,107.45454545454446,150.5454545454565,True,81.65680473372845
65.00000000000001,79.1818181818214,-27.18181818182033,False,-41.81818181818511
73.27272727272512,101.04545454545669,59.681818181814954,True,81.45161290322379
358.68181818181705,152.45454545454652,187.90909090909196,True,52.38879736408612
49.090909090909086,165.27272727272825,-159.27272727272626,False,-324.4444444444424
10.0,177.49999999999997,-178.0000000000018,False,-1780.0000000000177
3.1818181818173548,176.3636363636372,-171.36363636363552,False,-5385.714285715659
27.499999999999996,189.00000000000088,-187.49999999999997,False,-681.8181818181819
28.63636363636364,41.04545454545629,23.863636363636363,True,83.33333333333333
84.363636363639,40.727272727272066,78.90909090909355,True,93.5344827586209
83.181818181819,78.18181818181736,9.09090909090909,True,10.928961748633771
170.45454545454544,47.72727272727273,15.681818181819422,True,9.200000000000728
81.8181818181818,194.31818181818178,-197.04545454545826,False,-240.83333333333795
8.863636363636363,182.00000000000105,-160.72727272727164,False,-1813.3333333333212
205.90909090909173,16.81818181818099,-0.9090909090900822,False,-0.44150110375235607
272.4545454545432,7.7727272727295045,22.909090909088672,True,8.408408408407658
146.18181818181912,15.818181818179832,94.36363636363735,True,64.5522388059704
57.818181818178836,97.63636363636661,48.54545454545256,True,83.96226415094429
41.59090909090537,105.00000000000371,-68.18181818181817,False,-163.93442622952284
76.5000000000042,273.5454545454517,-248.8181818181804,False,-325.2525252525055
55.36363636363521,9.227272727274462,17.5,True,31.609195402299513
51.54545454545355,15.272727272728263,19.09090909090909,True,37.03703703703775
2.363636363634214,216.2727272727294,-198.5454545454567,False,-8400.00000000773
102.90909090909156,61.454545454544125,85.09090909091107,True,82.68551236749256
8.363636363637024,147.99999999999932,-0.7272727272720658,False,-8.695652173904449
104.72727272727049,5.727272727274959,-0.4090909090923973,False,-0.3906250000014294
66.00000000000198,182.18181818181617,-182.18181818181617,False,-276.03305785122836
201.49999999999676,0.0,52.59090909090693,True,26.099706744867383
50.727272727273714,214.90909090908892,-212.18181818181614,False,-418.2795698924609
38.63636363636364,201.59090909090867,-178.86363636363595,False,-462.94117647058715
71.5909090909091,31.818181818181817,-0.31818181818297575,False,-0.4444444444460614
62.49999999999999,182.49999999999997,-180.5000000000018,False,-288.80000000000285
156.54545454545354,32.45454545454694,142.0909090909076,True,90.7665505226477
192.27272727272722,57.272727272727266,135.81818181818107,True,70.63829787234006
185.81818181818312,35.99999999999867,135.63636363636428,True,72.99412915851255
283.50000000000114,15.590909090907932,239.59090909090966,True,84.51178451178437
114.54545454545453,105.45454545454544,-0.7272727272720658,False,-0.6349206349200576
316.22727272727343,154.22727272727198,149.7272727272742,True,47.34799482535612
347.5,29.000000000000906,199.00000000000088,True,57.26618705035996
390.0000000000008,100.0,247.2727272727256,True,63.40326340326284
289.0000000000009,0.0,131.99999999999818,True,45.67474048442829
