Symbol,Type,Size,Duration,MAE_EUR,MFE_EUR,Final_PL_EUR,MAE_USD,MFE_USD,Final_PL_USD,Win,MFE_Utilization,MAE_Avoidance
GOLD.pro,Buy,0.4,1.635,90.79999999999929,211.1999999999989,30.799999999999272,100.7425999999992,234.32639999999878,34.17259999999919,True,14.583333333333066,66.07929515418556
GOLD.pro,Buy,0.4,1.0894444444444444,-60.39999999999964,1158.4000000000015,1158.4000000000015,-67.0137999999996,1285.2448000000015,1285.2448000000015,True,100.0,2017.8807947020005
GOLD.pro,Buy,0.33,1.4136111111111112,89.1000000000015,81.8400000000006,-72.6000000000015,98.85645000000166,90.80148000000067,-80.54970000000166,False,-88.70967741935603,18.518518518518206
GOLD.pro,Buy,0.349,5.916666666666667,-44.671999999999045,207.65500000000156,55.49100000000507,-49.56358399999894,230.3932225000017,61.56726450000563,True,26.722689075632495,224.21875000001404
GOLD.pro,Buy,0.349,4.863888888888889,46.06799999999778,259.30700000000223,48.85999999999523,51.11244599999753,287.70111650000246,54.210169999994704,True,18.842530282635952,-6.060606060600819
GOLD.pro,Buy,0.34,1.1119444444444444,162.17999999999938,-15.640000000001239,-156.40000000000464,179.9387099999993,-17.352580000001375,-173.52580000000515,False,999.9999999999504,3.5639412997871287
GOLD.pro,Buy,0.34,0.9522222222222222,39.10000000000309,98.26000000000342,-38.079999999996296,43.381450000003426,109.01947000000378,-42.24975999999589,False,-38.75432525951045,2.608695652191088
GOLD.pro,Buy,0.32,2.783611111111111,32.31999999999971,169.59999999999854,39.36000000000058,35.28697599999968,185.16927999999842,42.97324800000064,True,23.207547169811864,-21.78217821782468
GOLD.pro,Buy,0.33,8.167777777777777,60.7199999999973,114.84000000000061,-57.75,66.29409599999705,125.38231200000068,-63.05145,False,-50.287356321838814,4.891304347821856
GOLD.pro,Buy,0.36,1.2866666666666666,39.239999999997046,94.31999999999606,-37.43999999999869,42.84223199999678,102.9785759999957,-40.87699199999857,False,-39.69465648854989,4.587155963298907
GOLD.pro,Buy,0.24,1.5794444444444444,308.8799999999974,128.88000000000284,-150.0,337.23518399999716,140.7111840000031,-163.77,False,-116.38733705772555,51.43745143745102
GOLD.pro,Buy,0.21,1.78,192.35999999999694,-11.339999999999236,-164.42999999999844,212.88481199999663,-12.549977999999154,-181.97468099999827,False,1450.0000000000841,14.519650655021286
GOLD.pro,Buy,0.19,13.425555555555556,52.81999999999948,446.6899999999998,293.36000000000104,58.455893999999425,494.3518229999998,324.66151200000115,True,65.67418119948984,-455.39568345324477
GOLD.pro,Buy,0.19,1.318888888888889,-26.790000000001555,238.8300000000031,66.68999999999983,-29.64849300000172,264.31316100000345,73.8058229999998,True,27.923627684963765,348.9361702127509
GOLD.pro,Buy,0.1,5.658611111111111,59.80000000000019,141.400000000001,-42.69999999999982,66.18066000000022,156.4873800000011,-47.2560899999998,False,-30.198019801979857,28.595317725753038
GOLD.pro,Buy,0.09,5.575,121.94999999999958,67.85999999999966,-100.17000000000098,134.96206499999954,75.10066199999962,-110.85813900000109,False,-147.6127320954929,17.859778597784885
GOLD.pro,Buy,0.1,18.575555555555557,20.199999999999818,196.90000000000057,57.4000000000001,21.9533599999998,213.9909200000006,62.38232000000011,True,29.151853732859283,-184.1584158415872
GOLD.pro,Buy,0.1,56.50416666666667,114.29999999999836,50.800000000001546,-64.40000000000055,124.22123999999822,55.20944000000168,-69.9899200000006,False,-126.77165354330431,43.65704286964001
GOLD.pro,Buy,0.11,0.4297222222222222,204.6000000000015,-42.4600000000014,-171.7100000000014,222.35928000000163,-46.14552800000152,-186.6144280000015,False,404.4041450777102,16.075268817204233
GOLD.pro,Buy,0.11,4.456944444444445,37.6200000000008,78.650000000001,-21.5600000000004,40.885416000000866,85.47682000000108,-23.431408000000435,False,-27.412587412587573,42.69005847953232
GOLD.pro,Buy,0.12,6.595555555555555,-10.55999999999858,389.40000000000055,291.3599999999997,-11.476607999998455,423.1999200000006,316.65004799999963,True,74.82280431432955,2859.090909091277
GOLD.pro,Buy,0.12,5.699166666666667,62.8800000000001,295.4399999999987,84.71999999999935,68.3379840000001,321.08419199999855,92.07369599999929,True,28.675873273761077,-34.732824427479656
GOLD.pro,Buy,0.12,1.655,23.399999999997817,95.88000000000011,-13.079999999999018,25.431119999997627,104.20238400000012,-14.215343999998932,False,-13.642052565706095,44.102564102563086
GOLD.pro,Buy,0.12,2.6830555555555557,92.04000000000086,53.64000000000032,-92.04000000000086,100.02907200000094,58.29595200000035,-100.02907200000094,False,-171.58836689038088,0.0
GOLD.pro,Buy,0.12,9.775833333333333,105.35999999999967,249.59999999999945,99.96000000000184,114.50524799999964,271.2652799999994,108.636528000002,True,40.048076923077744,5.12528473803896
GOLD.pro,Buy,0.13,15.451666666666666,94.50999999999978,78.64999999999941,-58.62999999999988,102.71346799999976,85.47681999999935,-63.71908399999987,False,-74.54545454545496,37.96423658872075
GOLD.pro,Buy,0.15,2.9383333333333335,35.250000000002046,209.24999999999727,86.69999999999959,38.46127500000223,228.312674999997,94.59836999999955,True,41.433691756272744,-145.9574468084952
GOLD.pro,Buy,0.16,1.0225,139.04000000000087,112.63999999999943,-63.520000000000444,151.70654400000095,122.90150399999938,-69.30667200000048,False,-56.392045454546135,54.315304948216315
GOLD.pro,Buy,0.2,6.071944444444444,15.799999999999272,120.19999999999982,20.399999999999636,17.239379999999205,131.1502199999998,22.258439999999602,True,16.971713810315865,-29.11392405063655
GOLD.pro,Buy,0.21,3.161111111111111,38.84999999999808,115.70999999999981,-21.629999999999427,42.3892349999979,126.25118099999979,-23.600492999999375,False,-18.693284936478666,44.32432432432305
GOLD.pro,Buy,0.21,2.977222222222222,49.34999999999809,84.62999999999943,-33.8099999999979,55.54835999999785,95.25952799999935,-38.056535999997635,False,-39.950372208434516,31.489361702129266
GOLD.pro,Buy,0.21,4.4880555555555555,22.049999999999045,214.20000000000095,95.54999999999905,24.819479999998922,241.10352000000105,107.55107999999892,True,44.60784313725426,-333.3333333333478
GOLD.pro,Buy,0.22,2.375277777777778,-26.619999999995798,419.9799999999982,271.2599999999984,-29.963471999995267,472.72948799999796,305.3302559999982,True,64.5887899423781,1119.0082644629647
GOLD.pro,Buy,0.21,0.8497222222222223,287.06999999999675,84.83999999999924,-199.08000000000038,323.1259919999963,95.49590399999913,-224.0844480000004,False,-234.65346534653722,30.651060716897398
GOLD.pro,Buy,0.22,55.76444444444444,52.1399999999976,211.64000000000257,185.0200000000018,58.68878399999729,238.2219840000029,208.258512000002,True,87.4220374220372,-254.8523206751253
GOLD.pro,Buy,0.22,17.385277777777777,65.7800000000002,221.9799999999982,55.4399999999996,74.04196800000022,249.86068799999796,62.403263999999545,True,24.97522299306246,15.719063545151366
GOLD.pro,Buy,0.23,53.53888888888889,73.59999999999583,77.28000000000293,41.630000000003974,82.8441599999953,86.9863680000033,46.85872800000447,True,53.869047619050725,43.437499999991395
GOLD.pro,Buy,0.23,19.98138888888889,17.25,294.40000000000424,83.7200000000023,19.778850000000002,337.55904000000487,95.99335200000264,True,28.43750000000037,-385.3333333333467
GOLD.pro,Buy,0.27,1.3516666666666666,237.86999999999856,69.11999999999853,-169.55999999999926,272.74174199999834,79.25299199999832,-194.41749599999918,False,-245.31250000000418,28.71736662883075
GOLD.pro,Buy,0.27,1.9502777777777778,196.82999999999905,31.319999999996075,-170.64000000000442,225.68527799999893,35.911511999995504,-195.65582400000508,False,-544.8275862069789,13.305898491081011
GOLD.pro,Buy,0.27,9.266111111111112,58.59000000000197,63.44999999999755,-34.82999999999902,67.17929400000226,72.7517699999972,-39.93607799999888,False,-54.893617021277166,40.55299539170875
GOLD.pro,Buy,0.3,7.26,74.70000000000027,627.8999999999951,464.7000000000003,85.65102000000032,719.9501399999945,532.8250200000003,True,74.00860009555724,-522.0883534136527
GOLD.pro,Buy,0.27,2.5480555555555555,27.810000000005402,220.8599999999956,0.8099999999992634,31.886946000006198,253.23807599999498,0.9287459999991555,True,0.3667481662588425,97.0873786407799
GOLD.pro,Buy,0.22,0.8286111111111111,62.0399999999986,242.6600000000044,69.0800000000022,71.1350639999984,278.23395600000504,79.20712800000253,True,28.4678150498644,-11.347517730502515
GOLD.pro,Buy,0.2,3.9825,104.20000000000074,228.8000000000011,-41.39999999999873,119.47572000000086,262.34208000000126,-47.46923999999854,False,-18.094405594404954,60.26871401151782
GOLD.pro,Buy,0.2,1.3408333333333333,116.59999999999854,104.60000000000036,-110.79999999999927,133.69355999999834,119.93436000000042,-127.04327999999917,False,-105.92734225621308,4.974271012006299
GOLD.pro,Buy,0.2,9.852222222222222,95.19999999999982,922.3999999999979,793.9999999999964,112.63111999999978,1091.2914399999977,939.3813999999958,True,86.07979184735453,-734.0336134453759
GOLD.pro,Buy,0.19,1.0319444444444446,71.81999999999516,167.0099999999993,-65.9299999999962,84.97024199999427,197.5895309999992,-78.0017829999955,False,-39.47667804322883,8.20105820105731
GOLD.pro,Buy,0.14,24.50777777777778,-35.0,735.1399999999999,581.2799999999999,-41.408500000000004,869.7441339999999,687.7123679999999,True,79.07065320891257,1760.7999999999997
GOLD.pro,Buy,0.13,1.288888888888889,190.19000000000145,69.41999999999894,-172.8999999999994,225.0137890000017,82.13080199999874,-204.5579899999993,False,-249.063670411988,9.090909090910094
GOLD.pro,Buy,0.14,10.775833333333333,65.24000000000115,242.75999999999888,122.22000000000025,77.18544400000135,287.2093559999987,144.5984820000003,True,50.34602076124601,-87.33905579398852
GOLD.pro,Buy,0.14,1.5972222222222223,103.0400000000018,63.5599999999995,-101.0800000000004,121.90662400000213,75.19783599999941,-119.58774800000047,False,-159.03083700440718,1.9021739130448043
GOLD.pro,Buy,0.15,1.1177777777777778,25.950000000000273,109.19999999999959,-8.550000000002456,30.584670000000322,128.70311999999953,-10.077030000002894,False,-7.8296703296726085,67.05202312137817
GOLD.pro,Buy,0.17,4.531666666666666,24.140000000001237,130.73000000000096,-23.6300000000017,28.45140400000146,154.07837800000115,-27.850318000002005,False,-18.075422626789205,2.1126760563359985
GOLD.pro,Buy,0.17,4.842777777777778,23.800000000001546,115.42999999999938,3.0600000000010827,28.050680000001826,136.04579799999928,3.6065160000012764,True,2.6509572901335003,87.14285714285343
GOLD.pro,Buy,0.18,0.7416666666666667,172.9800000000023,27.359999999999673,-169.5600000000013,203.87422800000272,32.24649599999962,-199.84341600000155,False,-619.7368421052754,1.977107180021353
GOLD.pro,Buy,0.17,0.38222222222222224,169.83000000000018,-30.939999999998918,-167.44999999999845,200.16163800000024,-36.46588399999873,-197.3565699999982,False,541.2087912088052,1.401401401402418
GOLD.pro,Buy,0.18,0.7005555555555556,175.67999999999984,-20.87999999999738,-175.31999999999607,207.05644799999982,-24.609167999996913,-206.6321519999954,False,839.6551724138795,0.20491803278902873
GOLD.pro,Buy,0.18,2.0005555555555556,188.28000000000065,57.780000000000655,-168.65999999999804,221.90680800000078,68.09950800000078,-198.7826759999977,False,-291.90031152647305,10.42065009560365
GOLD.pro,Buy,0.18,2.3658333333333332,97.37999999999738,90.17999999999984,-90.35999999999967,114.63573599999692,106.1598959999998,-106.37179199999962,False,-100.19960079840303,7.208872458408192
GOLD.pro,Buy,0.18,18.05027777777778,176.75999999999885,29.700000000001637,-167.21999999999935,208.08187199999867,34.962840000001925,-196.85138399999923,False,-563.0303030302698,5.397148676170837
GOLD.pro,Buy,0.2,5.2075,-4.600000000000364,228.8000000000011,94.20000000000073,-5.415120000000428,269.34336000000127,110.89224000000085,True,41.171328671328794,2147.8260869563755
GOLD.pro,Buy,0.2,1.8586111111111112,87.59999999999764,45.400000000004184,-80.99999999999909,103.12271999999722,53.44488000000493,-95.35319999999894,False,-178.41409691628112,7.534246575341008
GOLD.pro,Buy,0.2,0.8577777777777778,162.00000000000273,20.199999999999818,-162.00000000000273,190.7064000000032,23.779439999999788,-190.7064000000032,False,-801.9801980198228,0.0
GOLD.pro,Buy,0.21,3.1083333333333334,180.81000000000267,95.54999999999905,-172.41000000000076,212.84953200000317,112.48145999999888,-202.9610520000009,False,-180.43956043956305,4.645760743322707
GOLD.pro,Buy,0.22,6.847222222222222,81.1800000000012,97.900000000001,-51.479999999998206,95.56509600000142,115.24788000000117,-60.60225599999789,False,-52.584269662918985,36.585365853661685
GOLD.pro,Buy,0.23,3.0241666666666664,57.27000000000021,92.45999999999958,-49.91000000000167,67.41824400000024,108.8439119999995,-58.75405200000197,False,-53.98009950248962,12.851405622487356
GOLD.pro,Buy,0.24,6.364722222222222,59.52000000000044,290.1600000000035,150.23999999999978,70.79904000000052,345.1453200000042,178.71047999999973,True,51.778329197683334,-152.41935483870745
GOLD.pro,Buy,0.22,2.0908333333333333,203.7199999999998,29.0399999999986,-178.200000000003,242.32493999999977,34.543079999998334,-211.96890000000357,False,-613.6363636364035,12.526997840171228
GOLD.pro,Buy,0.22,15.375277777777777,57.8600000000024,797.5,609.6200000000008,68.82447000000286,948.62625,725.142990000001,True,76.44137931034493,-953.6121673003379
GOLD.pro,Buy,0.22,1.5469444444444445,61.15999999999941,117.25999999999841,-60.7199999999998,72.74981999999929,139.4807699999981,-72.22643999999976,False,-51.782363977486455,0.7194244604310189
GOLD.pro,Buy,0.21,1.3072222222222223,171.78000000000134,-4.200000000000955,-169.68000000000325,204.3323100000016,-4.995900000001136,-201.83436000000387,False,4039.9999999991587,1.2224938875294409
GOLD.pro,Buy,0.2,2.9161111111111113,6.599999999998545,245.7999999999993,89.00000000000091,7.850699999998269,292.37909999999914,105.86550000000108,True,36.208299430431715,-1248.4848484851595
GOLD.pro,Buy,0.21,57.024166666666666,80.63999999999828,120.75,-65.93999999999733,95.92127999999795,143.632125,-78.43562999999682,False,-54.608695652171704,18.229166666668238
GOLD.pro,Buy,0.22,6.85,209.43999999999957,4.6200000000008,-169.1800000000012,249.1288799999995,5.495490000000952,-201.23961000000142,False,-3661.904761904154,19.222689075629514
GOLD.pro,Buy,0.22,6.709444444444444,20.0200000000018,554.8400000000006,396.6599999999994,24.376352000002193,675.5731840000008,482.9732159999993,True,71.49088025376666,-1881.3186813185002
GOLD.pro,Buy,0.23,4.2444444444444445,6.209999999999582,466.66999999999916,280.37000000000126,7.561295999999491,568.217391999999,341.37851200000154,True,60.07885657959624,-4414.8148148151395
GOLD.pro,Buy,0.22,8.57,26.6200000000008,360.3600000000024,190.7400000000016,32.41251200000097,438.7743360000029,232.24502400000196,True,52.93040293040302,-616.5289256198192
GOLD.pro,Buy,0.23,1.3497222222222223,69.45999999999958,58.41999999999916,-63.70999999999959,84.57449599999948,71.13219199999898,-77.5732959999995,False,-109.05511811023707,8.278145695364278
GOLD.pro,Buy,0.22,6.443888888888889,115.2800000000002,219.78000000000023,69.9600000000014,140.36492800000025,267.6041280000003,85.1832960000017,True,31.831831831832435,39.31297709923553
GOLD.pro,Buy,0.23,11.928333333333333,67.39000000000146,308.19999999999686,140.5299999999977,82.05406400000179,375.2643199999962,171.1093279999972,True,45.597014925372854,-108.53242320818318
GOLD.pro,Buy,0.23,6.947222222222222,92.68999999999937,120.75,-16.330000000000837,112.85934399999924,147.0252,-19.88340800000102,False,-13.523809523810218,82.3821339950362
GOLD.pro,Buy,0.23,5.470555555555555,62.56000000000063,187.67999999999668,17.479999999999794,76.10424000000076,228.31271999999595,21.26441999999975,True,9.313725490196134,72.05882352941238
GOLD.pro,Buy,0.23,2.839722222222222,66.46999999999707,144.90000000000418,-5.290000000000418,80.86075499999643,176.27085000000508,-6.435285000000508,False,-3.650793650793834,92.0415224913485
GOLD.pro,Buy,0.19,12.507777777777777,79.04000000000156,125.77999999999794,-22.040000000001555,96.15216000000189,153.01136999999747,-26.81166000000189,False,-17.522658610273425,72.11538461538319
GOLD.pro,Buy,0.19,4.1075,181.2599999999993,0.7599999999993088,-177.0799999999988,220.50278999999915,0.924539999999159,-215.4178199999985,False,-23300.00000002103,2.3060796645705253
GOLD.pro,Buy,0.22,2.931388888888889,21.7800000000002,226.81999999999883,-21.3400000000006,26.495370000000243,275.92652999999854,-25.96011000000073,False,-9.408341416101186,2.020202020200164
GOLD.pro,Buy,0.22,2.445,40.700000000003,246.8400000000006,54.5600000000004,49.511550000003645,300.2808600000007,66.37224000000049,True,22.10338680926927,-34.05405405404515
GOLD.pro,Buy,0.21,8.607222222222223,24.98999999999637,194.25,50.1900000000021,30.22540499999561,234.945375,60.704805000002544,True,25.83783783783892,-100.84033613449135
GOLD.pro,Buy,0.21,3.513888888888889,102.6900000000021,139.0199999999977,-100.58999999999922,124.20355500000254,168.14468999999724,-121.66360499999907,False,-72.35649546827858,2.0449897750538866
GOLD.pro,Buy,0.22,0.9275,74.800000000002,126.49999999999999,-67.9800000000032,90.47060000000242,153.00175,-82.22181000000387,False,-53.739130434785146,9.11764705882168
GOLD.pro,Buy,0.22,0.4166666666666667,187.0,23.5400000000036,-171.8199999999988,226.1765,28.471630000004357,-207.81628999999856,False,-729.906542055958,8.117647058824172
GOLD.pro,Buy,0.23,2.3291666666666666,178.25,-21.849999999995816,-178.25,215.593375,-26.427574999994942,-215.593375,False,815.7894736843667,0.0
GOLD.pro,Buy,0.19,2.015833333333333,49.209999999998445,119.8900000000033,-46.93000000000052,58.55497899999815,142.6571110000039,-55.84200700000061,False,-39.144215530902684,4.633204633200566
GOLD.pro,Buy,0.2,20.294444444444444,126.40000000000329,383.1999999999971,265.1999999999998,150.40336000000391,455.9696799999965,315.5614799999998,True,69.20668058455163,-109.81012658227289
GOLD.pro,Buy,0.2,11.997777777777777,199.20000000000073,29.40000000000055,-166.59999999999854,237.02808000000087,34.983060000000656,-198.23733999999826,False,-566.6666666666512,16.365461847390595
GOLD.pro,Buy,0.21,5.038611111111111,164.21999999999866,138.81000000000267,-164.21999999999866,195.4053779999984,165.17001900000318,-195.4053779999984,False,-118.30559757942187,0.0
GOLD.pro,Buy,0.23,0.9794444444444445,207.00000000000003,68.77000000000021,-163.76000000000272,246.30930000000004,81.82942300000025,-194.85802400000324,False,-238.12709030100655,20.888888888887585
GOLD.pro,Buy,0.25,1.6883333333333332,170.75000000000387,20.999999999997954,-167.50000000000114,203.1754250000046,24.987899999997563,-199.30825000000135,False,-797.6190476191308,1.9033674963412326
GOLD.pro,Buy,0.25,15.419722222222223,142.0000000000016,198.2499999999959,81.99999999999932,169.94560000000192,237.26559999999512,98.1375999999992,True,41.36191677175335,42.25352112676169
GOLD.pro,Buy,0.27,18.660833333333333,106.920000000001,355.59000000000196,212.76000000000295,127.9618560000012,425.5701120000024,254.63116800000356,True,59.8329536826125,-98.9898989898999
GOLD.pro,Buy,0.28,0.6883333333333334,77.0,105.5599999999995,-20.44000000000051,92.15360000000001,126.33420799999942,-24.462592000000612,False,-19.363395225464764,73.4545454545448
GOLD.pro,Buy,0.29,7.555555555555555,102.08000000000605,587.25,420.21000000000026,122.16934400000726,702.8208000000001,502.90732800000035,True,71.5555555555556,-311.6477272727031
GOLD.pro,Buy,0.28,3.5980555555555553,26.88000000000102,161.0,10.640000000003056,32.16998400000122,192.68480000000002,12.733952000003658,True,6.608695652175811,60.416666666656795
GOLD.pro,Buy,0.28,0.4686111111111111,-39.19999999999618,210.27999999999975,46.47999999999593,-46.91455999999543,251.66310399999972,55.62726399999514,True,22.103861517974124,218.57142857142975
GOLD.pro,Buy,0.29,0.5033333333333333,194.59000000000103,-22.90999999999894,-170.52000000000317,232.88531200000125,-27.418687999998735,-204.07833600000382,False,744.3037974684026,12.36959761549809
GOLD.pro,Buy,0.29,2.068611111111111,171.97000000000185,-30.159999999998945,-169.07000000000448,205.81369600000224,-36.09548799999874,-202.3429760000054,False,560.5769230769575,1.6863406408078916
GOLD.pro,Buy,0.29,3.6133333333333333,169.9399999999971,60.029999999998154,-169.9399999999971,203.38419199999655,71.84390399999779,-203.38419199999655,False,-283.0917874396174,0.0
GOLD.pro,Buy,0.3,3.4780555555555557,53.39999999999918,128.99999999999864,-6.600000000000818,63.90911999999903,154.3871999999984,-7.898880000000979,False,-5.11627906976813,87.64044943820053
GOLD.pro,Buy,0.3,0.2386111111111111,181.4999999999986,31.199999999998905,-173.99999999999864,220.37729999999829,37.883039999998665,-211.27079999999833,False,-557.6923076923229,4.132231404958694
GOLD.pro,Buy,0.29,23.464444444444446,-129.34000000000106,1220.6099999999976,977.590000000001,-157.04462800000127,1482.064661999997,1186.9897780000013,True,80.09028272748895,855.8295964125508
GOLD.pro,Buy,0.29,0.2436111111111111,310.59000000000106,38.27999999999815,-185.60000000000264,377.11837800000126,46.47957599999775,-225.3555200000032,False,-484.8484848485152,40.24276377217489
GOLD.pro,Buy,0.27,50.161944444444444,140.13000000000147,56.159999999998035,-3.780000000002701,170.14584600000177,68.18947199999761,-4.58967600000328,False,-6.730769230774277,97.30250481695379
GOLD.pro,Buy,0.28,10.703611111111112,125.44000000000052,84.5599999999995,-59.0799999999972,152.30924800000062,102.67275199999939,-71.7349359999966,False,-69.86754966887126,52.90178571428814
GOLD.pro,Buy,0.29,0.05472222222222222,0.0,0.0,0.0,0.0,0.0,0.0,False,0.0,0.0
GOLD.pro,Buy,0.27,1.3227777777777778,143.90999999999806,150.39000000000442,-29.699999999997544,174.73552199999764,182.60353800000536,-36.061739999997016,False,-19.74865350089545,79.36210131332226
GOLD.pro,Buy,0.27,1.0972222222222223,187.920000000001,0.5399999999995089,-171.9900000000032,228.1724640000012,0.6556679999994036,-208.83025800000388,False,-31850.00000002956,8.477011494251666
GOLD.pro,Buy,0.27,3.7016666666666667,203.85000000000494,128.51999999999975,-51.300000000002456,247.514670000006,156.0489839999997,-62.28846000000298,False,-39.915966386556605,74.83443708609212
GOLD.pro,Buy,0.28,50.33111111111111,31.64000000000306,41.43999999999415,7.000000000000001,38.417288000003715,50.316447999992896,8.499400000000001,True,16.89189189189428,77.87610619469241
GOLD.pro,Buy,0.29,0.8127777777777778,260.42000000000047,100.92000000000053,-171.97000000000185,313.4675540000006,121.47740400000063,-207.00028900000223,False,-170.40229885057565,33.96436525612413
GOLD.pro,Buy,0.3,12.772777777777778,255.89999999999918,118.80000000000108,-52.200000000000266,308.026829999999,142.9995600000013,-62.83314000000032,False,-43.93939393939377,79.60140679953089
GOLD.pro,Buy,0.25,1.1966666666666668,37.999999999999545,116.25000000000227,-10.000000000002274,45.74059999999945,139.93012500000273,-12.037000000002736,False,-8.602150537636197,73.68421052630949
GOLD.pro,Buy,0.26,2.4722222222222223,185.6400000000026,45.5,-182.7799999999993,223.45486800000313,54.76835,-220.01228599999914,False,-401.7142857142842,1.5406162465003612
GOLD.pro,Buy,0.26,6.345555555555555,170.29999999999882,20.019999999999527,-166.1400000000026,201.3797499999986,23.673649999999444,-196.46055000000308,False,-829.8701298701625,2.4427480916008486
GOLD.pro,Buy,0.27,3.7511111111111113,42.92999999999779,159.5700000000022,16.47000000000344,50.76472499999739,188.69152500000263,19.47577500000407,True,10.32148900169406,61.63522012577617
GOLD.pro,Buy,0.27,10.173055555555555,39.15000000000123,227.07000000000224,113.13000000000149,46.294875000001454,268.51027500000265,133.77622500000177,True,49.82164090368625,-188.96551724137404
GOLD.pro,Buy,0.27,1.676111111111111,119.88000000000147,143.36999999999853,-4.32000000000221,141.75810000000175,169.53502499999829,-5.1084000000026135,False,-3.013182674201196,96.39639639639461
GOLD.pro,Buy,0.27,3.3169444444444443,168.48000000000025,9.990000000003194,-168.2100000000005,199.2276000000003,11.813175000003778,-198.9083250000006,False,-1683.7837837832503,0.16025641025626428
GOLD.pro,Buy,0.27,2.975277777777778,74.51999999999977,331.55999999999926,194.67000000000098,88.11989999999973,392.06969999999916,230.19727500000118,True,58.71335504886036,-161.23188405797316
GOLD.pro,Buy,0.27,8.155555555555555,99.36000000000172,60.2100000000005,-94.76999999999977,117.49320000000205,71.1983250000006,-112.06552499999974,False,-157.39910313901177,4.619565217393188
GOLD.pro,Buy,0.28,4.850555555555555,167.4400000000005,30.239999999997963,-167.16000000000076,197.9978000000006,35.75879999999759,-197.66670000000093,False,-552.7777777778175,0.16722408026740593
GOLD.pro,Buy,0.29,12.540555555555555,13.340000000001053,423.6899999999971,292.60999999999757,15.774550000001247,501.01342499999663,346.01132499999716,True,69.06228610540715,-2093.4782608693736
GOLD.pro,Buy,0.31,6.746111111111111,132.98999999999887,517.7000000000014,292.02000000000226,156.4760339999987,609.1258200000017,343.5907320000027,True,56.407185628742795,-119.58041958042314
GOLD.pro,Buy,0.26,2.1133333333333333,91.0,237.38000000000287,45.5,107.07060000000001,279.3013080000034,53.53530000000001,True,19.16757940854303,50.0
GOLD.pro,Buy,0.28,1.573611111111111,46.760000000002044,214.76000000000207,101.64000000000306,55.01781600000241,252.68661600000246,119.58962400000361,True,47.32724902216525,-117.36526946107489
GOLD.pro,Buy,0.3,1.2980555555555555,145.80000000000382,91.49999999999862,-55.80000000000381,171.5482800000045,107.65889999999838,-65.65428000000449,False,-60.98360655738213,61.72839506172678
GOLD.pro,Buy,0.3,2.025,112.20000000000027,59.70000000000027,-92.09999999999809,132.01452000000032,70.24302000000033,-108.36485999999776,False,-154.2713567839157,17.914438502675697
GOLD.pro,Buy,0.3,56.068888888888885,119.70000000000027,613.7999999999943,588.5999999999967,140.83902000000035,722.1970799999933,692.5467599999962,True,95.89442815249302,-391.7293233082668
GOLD.pro,Buy,0.31,0.3925,245.21000000000254,24.179999999999154,-97.3400000000031,288.563128000003,28.455023999999007,-114.54971200000365,False,-402.5641025641295,60.30341340075768
GOLD.pro,Buy,0.32,1.1916666666666667,128.0,157.44000000000233,-45.12000000000262,150.6304,185.27539200000274,-53.09721600000309,False,-28.658536585367095,64.74999999999795
GOLD.pro,Buy,0.33,1.8233333333333333,64.6799999999937,57.09000000000061,-63.0299999999952,76.11542399999259,67.18351200000072,-74.17370399999436,False,-110.40462427744706,2.5510204081611936
GOLD.pro,Buy,0.33,0.6952777777777778,241.5599999999979,66.3299999999997,-169.6200000000033,284.26780799999756,78.05714399999965,-199.60881600000388,False,-255.721393034832,29.781420765025345
GOLD.pro,Buy,0.31,10.531944444444445,65.4099999999969,442.6799999999991,205.53000000000335,76.97448799999636,520.945823999999,241.86770400000395,True,46.428571428572276,-214.218009478693
GOLD.pro,Buy,0.31,0.011944444444444445,0.0,0.0,0.0,0.0,0.0,0.0,False,0.0,0.0
GOLD.pro,Buy,0.3,4.802777777777778,67.5,96.90000000000055,-52.5,79.434,114.03192000000065,-61.782000000000004,False,-54.17956656346718,22.22222222222222
GOLD.pro,Buy,0.29,9.156944444444445,-17.109999999997623,534.1800000000021,243.02000000000317,-19.842466999997242,619.4885460000024,281.8302940000037,True,45.494028230184995,1520.3389830510635
GOLD.pro,Buy,0.28,3.0502777777777776,45.079999999997206,174.44000000000054,14.559999999999492,52.279275999996756,202.29806800000063,16.885231999999412,True,8.34670947030466,67.70186335403639
GOLD.pro,Buy,0.29,1.2494444444444444,-65.25,411.5100000000016,147.89999999999733,-75.670425,477.2281470000018,171.5196299999969,True,35.94080338266306,326.6666666666626
GOLD.pro,Buy,0.29,1.7208333333333334,83.23000000000343,42.63000000000079,-83.23000000000343,96.52183100000397,49.43801100000091,-96.52183100000397,False,-195.23809523809965,0.0
GOLD.pro,Buy,0.29,12.10138888888889,75.6899999999971,473.28000000000475,321.03000000000475,87.77769299999663,548.8628160000055,372.29849100000547,True,67.8308823529415,-324.1379310345053
GOLD.pro,Buy,0.29,8.707222222222223,-2.6100000000042196,697.7399999999983,538.2399999999984,-3.0268170000048933,809.169077999998,624.1969279999981,True,77.14048212801326,20722.222222188822
GOLD.pro,Buy,0.28,1.1502777777777777,30.24000000000433,255.63999999999672,110.88000000000102,35.06932800000502,296.4657079999962,128.58753600000117,True,43.37349397590457,-266.6666666666175
GOLD.pro,Buy,0.29,0.135,222.14000000000235,-9.279999999998154,-173.99999999999997,257.6157580000027,-10.762015999997859,-201.78779999999995,False,1875.0000000003727,21.67101827676324
GOLD.pro,Buy,0.28,2.9672222222222224,60.200000000002554,314.44000000000057,149.79999999999748,68.68218000000292,358.7445960000006,170.90681999999714,True,47.64024933214515,-148.83720930231087
GOLD.pro,Buy,0.28,14.06638888888889,61.31999999999517,249.20000000000258,106.68000000000484,69.9599879999945,284.31228000000294,121.71121200000552,True,42.80898876404644,-73.97260273974763
GOLD.pro,Buy,0.29,1.5322222222222222,169.35999999999763,1.4499999999986812,-165.01000000000155,193.2228239999973,1.6543049999984956,-188.25990900000178,False,-11380.000000010457,2.5684931506826483
GOLD.pro,Buy,0.29,3.9611111111111112,106.72000000000183,112.8100000000029,-6.670000000000527,121.7568480000021,128.70492900000332,-7.609803000000601,False,-5.912596401028592,93.74999999999962
GOLD.pro,Buy,0.29,1.6116666666666666,-149.34999999999604,1019.6399999999958,707.0199999999966,-170.39341499999549,1163.3072759999952,806.6391179999961,True,69.34015927189984,573.3980582524374
GOLD.pro,Buy,0.27,0.33944444444444444,173.88000000000147,0.8099999999992634,-162.26999999999975,198.37969200000168,0.9241289999991597,-185.13384299999973,False,-20033.333333351522,6.677018633541304
GOLD.pro,Buy,0.27,1.8655555555555556,61.01999999999976,71.82000000000221,-56.159999999998035,69.61771799999973,81.93943800000253,-64.07294399999776,False,-78.19548872179936,7.964601769914364
GOLD.pro,Buy,0.26,3.9097222222222223,27.29999999999882,102.96000000000095,-23.660000000002128,31.146569999998654,117.46706400000109,-26.993694000002428,False,-22.979797979799834,13.333333333321795
GOLD.pro,Buy,0.27,2.472777777777778,70.19999999999756,76.68000000000393,-54.0,80.09117999999722,87.48421200000449,-61.6086,False,-70.42253521126399,23.0769230769204
GOLD.pro,Buy,0.26,5.555833333333333,102.96000000000095,251.4200000000019,122.46000000000095,117.46706400000109,286.84507800000216,139.7146140000011,True,48.70734229576009,-18.939393939393764
GOLD.pro,Buy,0.24,52.57527777777778,66.71999999999935,61.19999999999891,-31.679999999998472,75.42028799999926,69.18047999999877,-35.811071999998276,False,-51.76470588235137,52.51798561151262
GOLD.pro,Buy,0.25,14.304722222222223,146.4999999999975,94.49999999999932,-19.999999999998863,165.6035999999972,106.82279999999923,-22.607999999998718,False,-21.164021164020113,86.34812286689474
GOLD.pro,Buy,0.26,0.5352777777777777,166.9200000000019,-28.60000000000355,-161.46000000000095,188.68636800000215,-32.32944000000401,-182.5143840000011,False,564.5454545453878,3.2710280373837075
GOLD.pro,Buy,0.28,5.558333333333334,105.83999999999925,261.24000000000433,163.52000000000407,119.64153599999916,295.3056960000049,184.84300800000463,True,62.59378349410556,-54.49735449735944
GOLD.pro,Buy,0.3,16.770555555555557,15.599999999999453,239.1000000000008,113.39999999999917,17.634239999999384,270.2786400000009,128.18735999999907,True,47.42785445420276,-626.923076923097
GOLD.pro,Buy,0.31,80.06416666666667,62.61999999999943,160.8900000000017,17.669999999998026,70.78564799999936,181.87005600000194,19.97416799999777,True,10.98265895953623,71.78217821782468
GOLD.pro,Buy,0.33,1.103888888888889,169.6199999999958,-7.9200000000003,-162.03000000000273,191.73844799999526,-8.95276800000034,-183.1587120000031,False,2045.8333333332903,4.474708171202249
GOLD.pro,Buy,0.33,3.2919444444444443,182.4899999999991,37.2900000000036,-162.0299999999952,206.52393299999898,42.20109300000407,-183.36935099999457,False,-434.51327433622833,11.211573236891887
GOLD.pro,Buy,0.34,9.664722222222222,48.620000000002165,673.5399999999981,551.8200000000006,55.023254000002446,762.2452179999979,624.4946940000007,True,81.92831903079285,-1034.9650349649855
GOLD.pro,Buy,0.33,1.0405555555555555,30.030000000002705,122.09999999999401,-0.3300000000072032,33.98495100000306,138.18056999999322,-0.37346100000815186,False,-0.27027027027618294,98.90109890107502
GOLD.pro,Buy,0.33,1.3927777777777777,181.17000000000033,13.859999999994898,-165.3299999999997,205.03008900000034,15.685361999994225,-187.10396099999966,False,-1192.85714285758,8.743169398907435
GOLD.pro,Buy,0.32,4.473888888888889,104.0,24.639999999999418,-96.63999999999942,117.6968,27.88508799999934,-109.36748799999934,False,-392.2077922077991,7.076923076923637
GOLD.pro,Buy,0.3,0.4052777777777778,176.09999999999673,0.30000000000654836,-161.69999999999618,199.29236999999628,0.3395100000074108,-182.99588999999565,False,-53899.999998822204,8.177172061329252
GOLD.pro,Buy,0.31,5.009444444444444,88.96999999999662,60.14000000000169,-71.91999999999803,100.85639199999616,68.17470400000191,-81.52851199999776,False,-119.58762886597273,19.163763066201234
GOLD.pro,Buy,0.32,1.8319444444444444,53.44000000000233,98.87999999999738,-37.44000000000233,60.57958400000263,112.09036799999703,-42.441984000002634,False,-37.86407766990627,29.940119760477735
GOLD.pro,Buy,0.31,0.7238888888888889,171.11999999999944,0.30999999999971806,-159.03000000000338,193.98163199999934,0.3514159999996804,-180.2764080000038,False,-51300.000000047745,7.065217391302064
GOLD.pro,Buy,0.31,2.3216666666666668,6.819999999993797,194.6800000000062,22.630000000000564,7.731151999992968,220.689248000007,25.653368000000636,True,11.624203821655971,-231.81818181849187
GOLD.pro,Buy,0.34,7.283333333333333,138.03999999999817,239.69999999999848,99.28000000000247,156.48214399999793,271.72391999999826,112.5438080000028,True,41.41843971631335,28.078817733987403
GOLD.pro,Buy,0.33,0.7225,-112.5299999999952,653.0699999999988,380.15999999999946,-127.56400799999454,740.3201519999986,430.94937599999935,True,58.21121778676102,437.8299120234743
GOLD.pro,Buy,0.3,1.7661111111111112,-44.10000000000082,403.8000000000011,132.9000000000019,-49.99176000000092,457.7476800000012,150.65544000000216,True,32.91233283803901,401.3605442176858
GOLD.pro,Buy,0.28,1.8172222222222223,120.40000000000511,128.239999999998,-80.64000000000307,136.48544000000578,145.37286399999772,-91.41350400000347,False,-62.882096069872375,33.02325581395378
GOLD.pro,Buy,0.28,4.764444444444444,63.279999999999745,295.9599999999982,126.55999999999949,71.73420799999971,335.500255999998,143.46841599999942,True,42.76253547776735,-100.0
GOLD.pro,Buy,0.27,4.460833333333333,53.730000000000246,940.9499999999977,585.6299999999953,60.908328000000274,1066.6609199999973,663.8701679999947,True,62.23816355810583,-989.949748743705
GOLD.pro,Buy,0.19,0.7722222222222223,200.06999999999948,43.50999999999931,-172.71000000000276,220.21704899999943,47.89145699999924,-190.10189700000305,False,-396.94323144106073,13.675213675212069
GOLD.pro,Buy,0.15,10.74,71.25,37.5,-70.65000000000055,78.424875,41.27625,-77.7644550000006,False,-188.40000000000146,0.8421052631571289
GOLD.pro,Buy,0.16,7.916944444444445,20.31999999999971,153.11999999999898,35.36000000000058,22.36622399999968,168.53918399999887,38.92075200000064,True,23.092998955068456,-74.01574803150142
GOLD.pro,Buy,0.16,0.6858333333333333,2.5600000000013097,134.71999999999753,28.319999999999713,2.8177920000014414,148.28630399999727,31.171823999999685,True,21.021377672209198,-1006.2499999994228
GOLD.pro,Buy,0.17,3.187777777777778,57.6300000000017,104.88999999999737,4.080000000000155,63.433341000001874,115.45242299999711,4.4908560000001705,True,3.8897893030796613,92.92035398230082
GOLD.pro,Buy,0.18,1.0883333333333334,82.44000000000278,138.4199999999969,12.77999999999656,89.21656800000302,149.79812399999665,13.830515999996278,True,9.232769830947007,84.49781659389116
GOLD.pro,Buy,0.18,0.6605555555555556,160.9199999999969,-4.140000000000327,-151.55999999999722,174.14762399999665,-4.480308000000354,-164.018231999997,False,3660.8695652170345,5.816554809843309
GOLD.pro,Buy,0.19,2.3719444444444444,9.689999999999827,212.80000000000086,104.69000000000415,10.486517999999814,230.29216000000093,113.29551800000449,True,49.196428571430324,-980.3921568628072
GOLD.pro,Buy,0.19,13.562777777777777,8.16999999999689,233.13000000000397,121.4100000000019,8.841573999996633,252.29328600000431,131.38990200000205,True,52.07823960880188,-1386.046511628496
GOLD.pro,Buy,0.19,1.0855555555555556,197.79000000000156,39.13999999999896,-173.85000000000173,214.0483380000017,42.35730799999888,-188.14047000000187,False,-444.17475728156955,12.10374639769434
GOLD.pro,Buy,0.19,7.082222222222223,31.729999999997062,241.68000000000052,143.8300000000031,34.33820599999682,261.54609600000055,155.6528260000034,True,59.51257861635336,-353.2934131737045
GOLD.pro,Buy,0.19,12.298333333333334,-8.360000000001037,476.71000000000276,347.69999999999914,-8.841536000001097,504.16849600000296,367.7275199999991,True,72.93742526903088,4259.090909090382
GOLD.pro,Buy,0.18,7.459722222222222,131.76000000000295,20.339999999997872,-73.26000000000295,139.34937600000313,21.51158399999775,-77.47977600000313,False,-360.17699115049464,44.39890710382414
GOLD.pro,Buy,0.19,1.031111111111111,88.34999999999741,86.06999999999948,-69.92000000000121,93.43895999999727,91.02763199999946,-73.94739200000129,False,-81.23620309050962,20.860215053759752
GOLD.pro,Buy,0.19,12.930833333333334,110.19999999999914,308.75,201.77999999999793,116.5475199999991,326.53400000000005,213.40252799999783,True,65.35384615384548,-83.10344827586162
GOLD.pro,Buy,0.2,0.3894444444444444,80.79999999999927,55.00000000000001,-60.00000000000001,85.45407999999924,58.16800000000001,-63.45600000000001,False,-109.09090909090908,25.742574257425066
GOLD.pro,Buy,0.23,16.6975,144.43999999999937,390.5400000000004,290.9500000000021,152.58641599999933,412.56645600000047,307.3595800000022,True,74.49941107184969,-101.4331210191106
GOLD.pro,Buy,0.25,3.5372222222222223,112.99999999999955,89.75000000000364,-30.500000000000682,119.37319999999951,94.81190000000385,-32.22020000000072,False,-33.983286908077375,73.00884955752142
GOLD.pro,Buy,0.25,56.79277777777778,-30.25000000000091,482.74999999999864,350.7499999999993,-31.956100000000962,509.9770999999986,370.5322999999993,True,72.65665458311761,1259.5041322313677
GOLD.pro,Buy,0.22,8.854444444444445,14.300000000002001,342.5399999999986,140.1399999999976,15.106520000002114,361.85925599999854,148.04389599999746,True,40.91201027617159,-879.9999999998461
GOLD.pro,Buy,0.22,0.6436111111111111,104.2799999999952,10.3400000000006,-93.5,110.16139199999493,10.923176000000634,-98.7734,False,-904.2553191488837,10.337552742611905
GOLD.pro,Buy,0.24,1.0166666666666666,82.07999999999629,60.23999999999978,-72.47999999999955,86.70931199999607,63.63753599999977,-76.56787199999953,False,-120.31872509960128,11.695906432745096
GOLD.pro,Buy,0.22,1.2038888888888888,193.1599999999994,-35.199999999998,-183.9199999999978,196.83003999999937,-35.86879999999796,-187.41447999999775,False,522.5000000000234,4.783599088839113
GOLD.pro,Buy,0.22,0.5469444444444445,144.099999999999,23.099999999999,-143.0,146.83789999999897,23.53889999999898,-145.71699999999998,False,-619.0476190476459,0.7633587786252652
GOLD.pro,Buy,0.23,11.133888888888889,116.60999999999855,130.41000000000167,21.850000000001046,118.82558999999851,132.8877900000017,22.265150000001064,True,16.75485008818401,81.26232741617244
GOLD.pro,Buy,0.23,7.720555555555555,21.390000000001468,310.2700000000002,146.73999999999728,21.796410000001494,316.1651300000002,149.52805999999723,True,47.294292068197755,-586.0215053762843
GOLD.pro,Buy,0.23,3.3577777777777778,48.06999999999812,287.5,107.87000000000127,48.608383999998104,290.72,109.07814400000129,True,37.520000000000444,-124.40191387560951
GOLD.pro,Buy,0.22,7.396388888888889,89.9800000000032,331.7599999999984,183.4799999999982,90.98777600000325,335.4757119999984,185.5349759999982,True,55.30503978779813,-103.91198044008854
GOLD.pro,Buy,0.23,6.536944444444444,46.68999999999938,238.28000000000293,78.43000000000188,47.21292799999938,240.94873600000298,79.30841600000191,True,32.9150579150583,-67.98029556650873
GOLD.pro,Buy,0.24,0.5425,158.87999999999738,177.84000000000196,-148.8000000000011,160.65945599999736,179.831808000002,-150.46656000000112,False,-83.67071524966231,6.3444108761306985
GOLD.pro,Buy,0.25,5.966944444444445,24.250000000000682,157.74999999999864,21.4999999999975,24.521600000000692,159.51679999999863,21.740799999997474,True,13.629160063389975,11.340206185579818
GOLD.pro,Buy,0.25,0.0025,0.0,0.0,0.0,0.0,0.0,0.0,False,0.0,0.0
GOLD.pro,Buy,0.25,0.5125,-19.499999999999318,217.25000000000136,60.50000000000182,-19.328399999999323,215.33820000000134,59.9676000000018,True,27.84810126582345,410.25641025643046
GOLD.pro,Buy,0.25,0.6886111111111111,190.75000000000273,36.50000000000091,-141.25000000000227,189.0714000000027,36.1788000000009,-140.00700000000225,False,-386.98630136985963,25.950196592398296
GOLD.pro,Buy,0.25,8.849166666666667,31.499999999999773,251.49999999999864,131.74999999999955,31.222799999999772,249.28679999999864,130.59059999999954,True,52.38568588469196,-318.25396825396984
GOLD.pro,Buy,0.25,1.9330555555555555,143.99999999999977,109.7500000000025,-88.24999999999932,142.73279999999977,108.78420000000247,-87.47339999999932,False,-80.41002277904083,38.715277777778155
GOLD.pro,Buy,0.24,0.5869444444444445,135.59999999999673,202.5600000000013,54.0,134.40671999999674,200.7774720000013,53.5248,True,26.658767772511677,60.176991150441516
GOLD.pro,Buy,0.2,10.3025,7.600000000002183,405.59999999999945,285.39999999999964,7.533120000002163,402.03071999999946,282.8884799999996,True,70.36489151873768,-3655.2631578936534
GOLD.pro,Buy,0.2,10.18,112.99999999999729,48.200000000001644,-59.20000000000073,112.0055999999973,47.77584000000163,-58.67904000000072,False,-122.8215767634828,47.61061946902465
GOLD.pro,Buy,0.2,11.357777777777779,-22.99999999999727,543.7999999999965,416.3999999999987,-22.620499999997318,534.8272999999966,409.52939999999876,True,76.57226921662401,1910.434782608905
GOLD.pro,Buy,0.2,57.5025,100.79999999999927,494.2000000000007,212.79999999999748,99.13679999999928,486.04570000000075,209.28879999999754,True,43.05949008498526,-111.11111111111013
GOLD.pro,Buy,0.2,2.4161111111111113,49.80000000000018,87.199999999998,-39.60000000000037,48.97830000000018,85.76119999999804,-38.946600000000366,False,-45.412844036698715,20.48192771084292
GOLD.pro,Buy,0.21,4.341666666666667,153.71999999999866,19.740000000001146,-143.42999999999847,151.18361999999868,19.414290000001127,-141.0634049999985,False,-726.5957446808011,6.693989071038434
GOLD.pro,Buy,0.21,0.7722222222222223,37.799999999999045,107.51999999999771,-29.820000000001528,38.61647999999903,109.84243199999767,-30.464112000001563,False,-27.734375000002014,21.111111111105078
GOLD.pro,Buy,0.21,2.223888888888889,154.14000000000306,30.23999999999637,-144.4800000000023,157.46942400000313,30.893183999996296,-147.60076800000235,False,-477.7777777778427,6.2670299727524155
GOLD.pro,Buy,0.21,1.9416666666666667,36.75,124.11000000000172,-19.740000000001146,37.543800000000005,126.79077600000177,-20.166384000001173,False,-15.905245346870414,46.285714285711165
GOLD.pro,Buy,0.21,0.6577777777777778,167.37000000000057,-16.80000000000382,-144.90000000000188,170.9851920000006,-17.162880000003902,-148.02984000000194,False,862.499999999815,13.425345043913852
GOLD.pro,Buy,0.22,2.167777777777778,-229.0199999999968,770.2199999999998,634.2599999999984,-233.96683199999674,786.8567519999998,647.9600159999984,True,82.34790059982844,376.9452449567755
GOLD.pro,Buy,0.21,0.4061111111111111,153.30000000000382,107.51999999999771,-144.6900000000021,156.61128000000392,109.84243199999767,-147.81530400000216,False,-134.57031250000483,5.616438356165365
GOLD.pro,Buy,0.21,2.6572222222222224,-106.05000000000382,629.5800000000004,485.73000000000224,-108.34068000000391,643.1789280000004,496.2217680000023,True,77.15143428952665,558.0198019801837
GOLD.pro,Buy,0.21,9.095555555555556,129.99000000000115,47.66999999999962,-89.25,132.79778400000117,48.699671999999616,-91.1778,False,-187.22466960352574,31.340872374798668
GOLD.pro,Buy,0.23,13.067222222222222,47.379999999998745,179.4000000000042,59.340000000003556,48.40340799999872,183.2750400000043,60.62174400000364,True,33.07692307692428,-25.242718446612766
GOLD.pro,Buy,0.24,3.806388888888889,151.1999999999989,57.60000000000218,-151.1999999999989,154.4659199999989,58.84416000000223,-154.4659199999989,False,-262.4999999999881,0.0
GOLD.pro,Buy,0.24,0.3011111111111111,206.39999999999782,24.479999999999563,-147.84000000000196,210.85823999999778,25.008767999999556,-151.03334400000202,False,-603.9215686274698,28.372093023254102
GOLD.pro,Buy,0.24,7.188055555555556,32.159999999998035,503.0400000000008,372.0,34.07351999999792,532.9708800000009,394.134,True,73.95038167938918,-1056.7164179105184
GOLD.pro,Buy,0.24,5.256944444444445,30.0,128.64000000000303,3.600000000002183,31.785000000000004,136.29408000000322,3.814200000002313,True,2.7985074626881983,87.99999999999272
GOLD.pro,Buy,0.25,3.3075,111.749999999995,243.50000000000023,53.5000000000025,118.39912499999471,257.9882500000003,56.68325000000266,True,21.97125256673612,52.125279642053776
GOLD.pro,Buy,0.25,0.001388888888888889,0.0,0.0,0.0,0.0,0.0,0.0,False,0.0,0.0
GOLD.pro,Buy,0.25,4.152777777777778,-56.49999999999977,252.5000000000034,110.75000000000159,-59.861749999999766,267.52375000000364,117.3396250000017,True,43.8613861386139,296.0176991150479
GOLD.pro,Buy,0.25,1.0,38.999999999998636,322.4999999999966,12.250000000000227,41.32049999999856,341.68874999999645,12.978875000000242,True,3.798449612403212,68.5897435897419
GOLD.pro,Buy,0.26,5.965,68.11999999999716,143.7799999999993,20.27999999999929,72.173139999997,152.33490999999927,21.48665999999925,True,14.104882459312416,70.2290076335876
GOLD.pro,Buy,0.25,5.185555555555555,4.9999999999954525,357.7500000000043,140.75000000000273,5.393999999995094,385.94070000000465,151.84110000000294,True,39.343116701607556,-2715.000000002615
GOLD.pro,Buy,0.24,64.58777777777777,40.08000000000174,527.7600000000002,375.1200000000026,43.238304000001875,569.3474880000002,404.6794560000028,True,71.0777626193729,-835.9281437125408
GOLD.pro,Buy,0.24,6.614166666666667,77.04000000000087,101.7600000000002,-39.3600000000024,83.11075200000094,109.77868800000022,-42.461568000002586,False,-38.67924528302115,48.90965732086974
GOLD.pro,Buy,0.24,1.1488888888888888,559.6800000000039,172.55999999999585,-347.28000000000065,603.7827840000042,186.15772799999553,-374.6456640000007,False,-201.2517385257354,37.95025728988025
GOLD.pro,Buy,0.24,3.520277777777778,-0.7199999999993452,192.23999999999975,9.839999999996508,-0.7767359999992935,207.38851199999974,10.615391999996232,True,5.118601747813421,1466.6666666674246
GOLD.pro,Buy,0.24,2.0425,71.04000000000087,160.80000000000106,-53.28000000000065,76.63795200000094,173.47104000000115,-57.4784640000007,False,-33.13432835820914,25.00000000000001
GOLD.pro,Buy,0.23,7.895833333333333,-0.9199999999991634,213.89999999999895,64.39999999999895,-0.9924959999990974,230.75531999999887,69.47471999999887,True,30.107526881720087,7100.000000006251
GOLD.pro,Buy,0.23,2.8930555555555557,182.85000000000105,-5.290000000000418,-149.72999999999982,197.25858000000113,-5.706852000000452,-161.5287239999998,False,2830.434782608468,18.11320754717038
GOLD.pro,Buy,0.23,2.8672222222222223,34.95999999999959,109.93999999999937,-34.27000000000021,37.714847999999556,118.60327199999932,-36.970476000000225,False,-31.17154811715518,1.9736842105245642
GOLD.pro,Buy,0.24,11.275,129.35999999999694,97.20000000000437,-42.47999999999956,139.5535679999967,104.85936000000471,-45.82742399999953,False,-43.703703703701294,67.16141001855243
GOLD.pro,Buy,0.23,5.141111111111111,11.729999999999793,146.7400000000025,26.680000000001886,12.654323999999775,158.3031120000027,28.782384000002033,True,18.181818181819157,-127.45098039217697
GOLD.pro,Buy,0.23,15.206388888888888,61.409999999996444,578.4500000000021,419.2900000000004,65.7394049999962,619.2307250000023,448.84994500000045,True,72.48508946322049,-582.7715355805645
GOLD.pro,Buy,0.22,0.4897222222222222,160.599999999999,52.14000000000261,-154.0,171.92229999999893,55.81587000000279,-164.857,False,-295.3586497890148,4.109589041095293
GOLD.pro,Buy,0.22,0.655,76.1200000000008,78.7599999999984,-39.1599999999994,81.48646000000086,84.31257999999829,-41.92077999999936,False,-49.7206703910617,48.55491329479902
GOLD.pro,Buy,0.22,0.10666666666666667,175.7800000000002,10.7800000000002,-155.099999999999,188.1724900000002,11.539990000000214,-166.03454999999894,False,-1438.7755102040455,11.764705882353612
GOLD.pro,Buy,0.21,2.6930555555555555,88.83000000000038,46.200000000000955,-77.70000000000095,95.0925150000004,49.45710000000102,-83.17785000000103,False,-168.18181818181677,12.52955082742247
GOLD.pro,Buy,0.22,4.039444444444444,37.400000000001,73.699999999998,-33.2199999999998,40.03670000000107,78.89584999999786,-35.56200999999979,False,-45.0746268656726,11.176470588238205
GOLD.pro,Buy,0.24,8.936111111111112,47.52000000000044,247.92000000000368,118.08000000000175,50.92243200000047,265.67107200000396,126.53452800000188,True,47.62826718296224,-148.4848484848499
GOLD.pro,Buy,0.24,5.638333333333334,68.88000000000284,104.6399999999976,6.239999999999782,73.81180800000305,112.13222399999744,6.686783999999767,True,5.963302752293506,90.94076655052334
GOLD.pro,Buy,0.27,1.9966666666666666,9.989999999997053,306.18000000000393,104.76000000000296,10.705283999996844,328.10248800000426,112.26081600000319,True,34.215167548501405,-948.6486486489875
GOLD.pro,Buy,0.23,1.9891666666666667,-0.22999999999979084,358.57000000000335,173.18999999999937,-0.2464679999997759,384.2436120000036,185.59040399999935,True,48.30019243104491,75400.0000000682
GOLD.pro,Buy,0.21,8.232777777777779,128.52000000000248,660.0300000000013,487.41000000000076,137.72203200000268,707.2881480000015,522.3085560000009,True,73.84664333439386,-279.24836601306515
GOLD.pro,Buy,0.19,0.8855555555555555,187.34000000000242,-51.300000000000864,-155.23000000000138,200.75354400000262,-54.973080000000934,-166.34446800000148,False,302.59259259259017,17.13995943204901
GOLD.pro,Buy,0.2,11.364444444444445,167.79999999999745,48.200000000001644,-167.79999999999745,184.3954199999972,52.966980000001804,-184.3954199999972,False,-348.1327800829704,0.0
GOLD.pro,Buy,0.2,23.76361111111111,0.5999999999994543,830.1999999999998,729.4000000000005,0.6593399999994003,912.3067799999998,801.5376600000006,True,87.85834738617208,-121466.66666677731
GOLD.pro,Buy,0.21,4.344166666666666,162.95999999999978,20.580000000000382,-156.24000000000115,179.07674399999976,22.61536200000042,-171.69213600000126,False,-759.1836734693793,4.123711340205354
GOLD.pro,Buy,0.21,4.793055555555555,70.13999999999828,367.9199999999996,250.74000000000112,77.07684599999811,404.3072879999996,275.53818600000125,True,68.15068493150721,-257.4850299401301
GOLD.pro,Buy,0.21,0.6952777777777778,187.74000000000112,4.620000000000573,-164.22000000000344,206.30748600000123,5.07691800000063,-180.46135800000377,False,-3554.545454545088,12.527964205815245
GOLD.pro,Buy,0.21,2.4780555555555557,154.35000000000286,3.9899999999963707,-154.35000000000286,169.61521500000313,4.384610999996012,-169.61521500000313,False,-3868.42105263517,0.0
GOLD.pro,Buy,0.21,11.252777777777778,63.20999999999981,263.96999999999866,86.73000000000229,69.4614689999998,290.07663299999854,95.30759700000252,True,32.856006364360624,-37.20930232558543
GOLD.pro,Buy,0.21,1.2025,1.469999999998663,226.79999999999905,95.75999999999884,1.5983309999985462,246.59963999999894,104.11984799999873,True,42.22222222222189,-6414.28571429156
GOLD.pro,Buy,0.22,16.966944444444444,2.199999999997999,296.1200000000008,180.6200000000008,2.3920599999978243,321.97127600000084,196.38812600000085,True,60.99554234769698,-8110.000000007502
GOLD.pro,Buy,0.22,0.7430555555555556,157.9599999999964,-15.400000000001002,-157.9599999999964,171.74990799999608,-16.74442000000109,-171.74990799999608,False,1025.7142857141955,0.0
GOLD.pro,Buy,0.21,1.3516666666666666,-2.09999999999809,403.6200000000005,196.5599999999979,-2.2833299999979233,438.85602600000055,213.7196879999977,True,48.69927159209099,9460.000000008413
GOLD.pro,Buy,0.22,0.6091666666666666,-13.4199999999978,232.53999999999363,79.6399999999976,-14.591565999997608,252.84074199999304,86.59257199999739,True,34.24787133396395,693.442622950899
GOLD.pro,Buy,0.23,2.1533333333333333,63.70999999999959,169.2799999999977,-2.5300000000029286,69.27188299999955,184.0581439999975,-2.750869000003184,False,-1.4945652173930548,96.02888086642137
GOLD.pro,Buy,0.24,3.4677777777777776,66.71999999999935,300.0,159.3600000000024,72.54465599999928,326.19,173.2721280000026,True,53.1200000000008,-138.8489208633153
GOLD.pro,Buy,0.24,3.0016666666666665,150.23999999999978,169.68000000000393,48.47999999999956,162.90523199999976,183.98402400000427,52.566863999999526,True,28.571428571427653,67.7316293929715
GOLD.pro,Buy,0.24,2.082222222222222,150.23999999999978,-17.280000000000655,-148.5600000000013,162.90523199999976,-18.73670400000071,-161.08360800000142,False,859.7222222221973,1.118210862618793
GOLD.pro,Buy,0.25,2.6547222222222224,174.50000000000045,-30.750000000000455,-162.74999999999977,189.2103500000005,-33.3422250000005,-176.46982499999976,False,529.2682926829183,6.733524355301233
GOLD.pro,Buy,0.26,0.17527777777777778,193.95999999999503,48.620000000003074,-159.89999999999645,210.31082799999461,52.71866600000334,-173.37956999999616,False,-328.8770053475655,17.560321715817413
GOLD.pro,Buy,0.25,20.30611111111111,140.74999999999704,190.75000000000273,36.75000000000068,152.6152249999968,206.83022500000297,39.84802500000074,True,19.266055045871642,73.88987566607356
GOLD.pro,Buy,0.26,0.7822222222222223,185.37999999999693,48.88000000000284,-163.01999999999956,201.00753399999667,53.00058400000308,-176.76258599999952,False,-333.51063829785204,12.06171107994268
GOLD.pro,Buy,0.28,59.024166666666666,118.16000000000078,154.83999999999924,-16.799999999997457,130.73222400000085,171.31497599999915,-18.587519999997188,False,-10.84990958408521,85.78199052132926
GOLD.pro,Buy,0.28,0.9072222222222223,65.23999999999796,194.0400000000018,46.4800000000023,72.18153599999775,214.68585600000202,51.42547200000254,True,23.953823953824916,28.755364806861206
GOLD.pro,Buy,0.29,0.48694444444444446,160.36999999999918,122.38000000000078,-156.01999999999657,177.4333679999991,135.40123200000087,-172.62052799999623,False,-127.48815165876417,2.7124773960233406
GOLD.pro,Buy,0.29,0.0,376.1300000000008,-53.940000000003685,-235.48000000000343,416.15023200000087,-59.67921600000408,-260.5350720000038,False,436.55913978492276,37.393986121818806
GOLD.pro,Buy,0.29,4.017222222222222,70.18000000000211,296.09000000000106,138.0399999999997,77.64715200000234,327.5939760000012,152.72745599999968,True,46.62095984329063,-96.69421487602673
GOLD.pro,Buy,0.3,10.446944444444444,63.30000000000382,368.69999999999885,163.19999999999482,70.03512000000423,407.92967999999877,180.56447999999426,True,44.26362896663827,-157.81990521324641
GOLD.pro,Buy,0.3,3.865,42.00000000000273,90.59999999999945,-35.40000000000191,46.46880000000302,100.2398399999994,-39.166560000002114,False,-39.07284768212155,15.71428571428664
GOLD.pro,Buy,0.3,7.0275,12.90000000000191,188.99999999999864,38.69999999999891,14.272560000002114,209.1095999999985,42.817679999998795,True,20.476190476190045,-199.99999999994714
GOLD.pro,Buy,0.29,2.2216666666666667,9.859999999997626,228.8100000000029,15.079999999999472,10.75627399999741,249.60882900000317,16.450771999999425,True,6.5906210392899265,-52.94117647061971
GOLD.pro,Buy,0.32,0.9466666666666667,181.12000000000262,42.87999999999738,-180.4800000000032,197.58380800000285,46.77779199999714,-196.88563200000348,False,-420.89552238809284,0.35335689045903745
GOLD.pro,Buy,0.32,22.27722222222222,76.79999999999563,643.2000000000044,519.3600000000006,83.78111999999524,701.6668800000048,566.5698240000006,True,80.74626865671596,-576.2500000000392
GOLD.pro,Buy,0.34,0.8986111111111111,65.96000000000186,90.77999999999476,-47.94000000000278,71.95576400000202,99.03190199999428,-52.29774600000304,False,-52.80898876405106,27.319587628863808
GOLD.pro,Buy,0.36,0.5986111111111111,157.32000000000426,119.87999999999737,-74.5200000000059,168.00202800000454,128.0198519999972,-79.5799080000063,False,-62.16216216216844,52.63157894736595
GOLD.pro,Buy,0.37,0.8877777777777778,153.55000000000337,18.5,-150.58999999999764,163.9760450000036,19.75615,-160.81506099999748,False,-813.9999999999873,1.9277108433771772
GOLD.pro,Buy,0.38,0.9327777777777778,155.03999999999724,38.75999999999931,-151.62000000000035,165.56721599999705,41.39180399999926,-161.91499800000037,False,-391.17647058824315,2.2058823529392093
GOLD.pro,Buy,0.39,5.238333333333333,46.80000000000177,148.98000000000638,15.600000000003547,49.977720000001895,159.09574200000682,16.659240000003788,True,10.471204188483608,66.66666666666035
GOLD.pro,Buy,0.38,11.975277777777778,4.179999999996198,155.79999999999654,47.5,4.4638219999959405,166.37881999999632,50.72525,True,30.487804878049456,-1036.36363636467
GOLD.pro,Buy,0.4,2.273888888888889,-115.5999999999949,336.7999999999938,170.79999999999927,-123.44923999999457,359.6687199999934,182.39731999999924,True,50.712589073634916,247.750865051909
GOLD.pro,Buy,0.37,0.18055555555555555,184.63000000000034,-61.42000000000303,-150.96000000000572,197.16637700000038,-65.59041800000324,-161.2101840000061,False,245.78313253011768,18.236472945888835
GOLD.pro,Buy,0.32,0.42333333333333334,174.08000000000175,73.91999999999825,-148.8000000000029,183.91552000000183,78.09647999999815,-157.20720000000307,False,-201.29870129870997,14.522058823528598
GOLD.pro,Buy,0.3,4.665277777777778,-1.1999999999989086,273.5999999999967,144.89999999999782,-1.267799999998847,289.05839999999654,153.0868499999977,True,52.960526315789316,12175.000000010801
GOLD.pro,Buy,0.31,4.855,77.19000000000028,1059.8900000000017,772.8299999999949,81.5512350000003,1119.7737850000017,816.4948949999946,True,72.91605732670313,-901.2048192770982
GOLD.pro,Buy,0.29,0.16694444444444445,251.72000000000182,-15.079999999999472,-149.93000000000208,265.94218000000194,-15.932019999999442,-158.4010450000022,False,994.2307692308178,40.437788018432784
GOLD.pro,Buy,0.27,8.048055555555555,28.349999999998776,527.3099999999994,267.0299999999966,29.951774999998708,557.1030149999993,282.1171949999964,True,50.64004096262102,-841.9047619047907
GOLD.pro,Buy,0.25,0.3161111111111111,115.74999999999704,159.50000000000273,-35.24999999999636,122.28987499999688,168.51175000000288,-37.241624999996155,False,-22.100313479621164,69.54643628509956
GOLD.pro,Buy,0.24,16.970555555555556,119.52000000000042,63.840000000001965,-52.07999999999628,126.27288000000044,67.44696000000208,-55.02251999999607,False,-81.57894736841271,56.42570281124824
GOLD.pro,Buy,0.24,0.5836111111111111,174.95999999999913,-16.31999999999607,-159.59999999999673,184.84523999999908,-17.24207999999585,-168.61739999999654,False,977.9411764708037,8.779149519891677
GOLD.pro,Buy,0.24,0.5594444444444444,-89.04000000000087,286.8000000000011,98.40000000000327,-96.35018400000095,310.3462800000012,106.47864000000355,True,34.309623430963356,210.51212938005654
GOLD.pro,Buy,0.26,1.4969444444444444,49.13999999999669,264.4200000000019,85.79999999999882,53.17439399999642,286.1288820000021,92.84417999999873,True,32.44837758112026,-74.60317460318396
GOLD.pro,Buy,0.28,2.07,-95.76000000000204,359.8000000000039,180.32000000000156,-103.62189600000221,389.3395800000042,195.1242720000017,True,50.11673151750961,288.304093567249
GOLD.pro,Buy,0.28,4.963055555555556,164.64000000000308,23.799999999997457,-155.39999999999873,178.15694400000334,25.75397999999725,-168.15833999999865,False,-652.9411764706526,5.612244897961725
GOLD.pro,Buy,0.28,1.9655555555555555,38.9200000000028,136.6399999999967,-19.32000000000153,42.115332000003036,147.85814399999643,-20.906172000001657,False,-14.139344262296547,50.35971223021547
GOLD.pro,Buy,0.29,6.985277777777778,158.92000000000053,-6.090000000001054,-153.98999999999842,171.96733200000057,-6.589989000001141,-166.6325789999983,False,2528.571428570965,3.102189781023215
GOLD.pro,Buy,0.29,12.652777777777779,68.14999999999736,916.1100000000042,748.4900000000049,73.74511499999716,991.3226310000047,809.9410290000053,True,81.70307059195963,-998.2978723404752
GOLD.pro,Buy,0.29,0.2063888888888889,166.46000000000026,-4.640000000002374,-156.31000000000287,180.1263660000003,-5.020944000002569,-169.1430510000031,False,3368.749999998339,6.097560975608179
GOLD.pro,Buy,0.29,0.5752777777777778,90.1899999999971,113.39000000000237,-68.72999999999682,97.59459899999686,122.69931900000257,-74.37273299999656,False,-60.613810741683906,23.79421221865059
GOLD.pro,Buy,0.28,0.1713888888888889,160.43999999999417,-35.83999999999287,-154.55999999999315,175.21652399999365,-39.14086399999221,-168.79497599999254,False,431.2500000000667,3.6649214659693543
GOLD.pro,Buy,0.22,0.6277777777777778,129.3600000000024,75.900000000001,-106.2599999999984,141.27405600000264,82.8903900000011,-116.04654599999826,False,-139.99999999999605,17.857142857145618
GOLD.pro,Buy,0.23,6.148611111111111,11.040000000000418,980.0299999999977,842.7199999999971,12.056784000000457,1070.2907629999975,920.3345119999968,True,85.98920441210973,-7533.333333333017
GOLD.pro,Buy,0.23,2.818888888888889,185.38000000000397,47.83999999999833,-156.39999999999895,202.45349800000434,52.24606399999818,-170.80443999999886,False,-326.92307692308617,15.632754342434135
GOLD.pro,Buy,0.24,0.4866666666666667,159.60000000000218,-9.12000000000262,-159.3600000000024,174.2991600000024,-9.959952000002861,-174.03705600000262,False,1747.3684210521562,0.15037593984948525
GOLD.pro,Buy,0.24,4.036666666666667,96.47999999999955,331.679999999993,176.39999999999782,105.36580799999952,362.2277279999924,192.64643999999763,True,53.18379160636805,-82.83582089552098
GOLD.pro,Buy,0.25,5.515,72.74999999999636,104.50000000000728,-37.999999999999545,79.34114999999603,113.96770000000794,-41.44279999999951,False,-36.3636363636334,47.766323024053
GOLD.pro,Buy,0.25,1.4011111111111112,165.0000000000034,266.74999999999045,-63.000000000010914,179.94900000000374,290.9175499999896,-68.7078000000119,False,-23.617619493913093,61.81818181817599
GOLD.pro,Buy,0.25,0.0005555555555555556,480.5000000000007,-12.5,-292.7500000000009,524.0333000000007,-13.6325,-319.273150000001,False,2342.0000000000073,39.073881373569094
GOLD.pro,Buy,0.24,4.958333333333333,21.359999999996944,441.12000000000256,194.64000000000306,23.295215999996667,481.0854720000028,212.27438400000332,True,44.124047878128835,-811.2359550563244
GOLD.pro,Buy,0.24,2.432777777777778,73.67999999999847,152.6399999999976,-34.32000000000153,80.35540799999833,166.46918399999737,-37.42939200000167,False,-22.484276729561103,53.420195439736375
GOLD.pro,Buy,0.25,0.4527777777777778,80.25000000000091,143.00000000000068,-17.500000000001137,87.520650000001,155.95580000000075,-19.08550000000124,False,-12.237762237762974,78.19314641744431
GOLD.pro,Buy,0.25,6.0841666666666665,141.9999999999959,113.50000000000477,-43.75,154.86519999999553,123.7831000000052,-47.71375,False,-38.54625550660631,69.19014084506954
GOLD.pro,Buy,0.26,0.6197222222222222,106.86000000000331,22.099999999997635,-87.62000000000307,116.54151600000361,24.102259999997422,-95.55837200000336,False,-396.4705882353504,18.004866180048325
GOLD.pro,Buy,0.25,2.792222222222222,71.50000000000318,103.99999999999636,-34.7500000000025,77.97790000000347,113.42239999999603,-37.89835000000273,False,-33.413461538465114,51.398601398600064
GOLD.pro,Buy,0.25,7.3261111111111115,25.0,210.00000000000227,75.24999999999977,27.265,229.02600000000248,82.06764999999976,True,35.83333333333284,-200.9999999999991
GOLD.pro,Buy,0.25,1.5538888888888889,81.00000000000591,233.99999999999181,-24.500000000000455,89.10000000000652,257.399999999991,-26.950000000000504,False,-10.470085470086032,69.75308641975472
GOLD.pro,Buy,0.26,0.5344444444444445,122.72000000000072,114.39999999999645,-35.36000000000331,134.99200000000081,125.83999999999611,-38.896000000003646,False,-30.90909090909476,71.18644067796357
GOLD.pro,Buy,0.27,2.7355555555555555,378.0,85.31999999999607,-321.5700000000022,415.8,93.85199999999568,-353.7270000000025,False,-376.89873417723516,14.928571428570844
GOLD.pro,Buy,0.27,7.559444444444445,60.47999999999411,327.510000000003,112.32000000000222,66.52799999999353,360.2610000000033,123.55200000000245,True,34.29513602638124,-85.7142857143075
GOLD.pro,Buy,0.29,1.1591666666666667,283.9099999999989,-11.310000000002901,-164.14000000000237,312.3009999999988,-12.441000000003193,-180.55400000000262,False,1451.2820512817,42.185903983655734
GOLD.pro,Buy,0.29,5.6225,13.920000000000526,227.94000000000366,120.0600000000029,15.31200000000058,250.73400000000404,132.0660000000032,True,52.67175572519126,-762.4999999999883
GOLD.pro,Buy,0.3,4.118611111111111,86.10000000000355,41.99999999999591,-85.20000000000437,94.71000000000392,46.199999999995505,-93.72000000000482,False,-202.857142857173,1.045296167246393
GOLD.pro,Buy,0.3,1.298888888888889,64.49999999999591,72.00000000000273,-53.999999999998636,70.9499999999955,79.200000000003,-59.399999999998506,False,-74.99999999999525,16.279069767438664
GOLD.pro,Buy,0.31,3.2408333333333332,2.170000000005075,161.19999999999436,41.229999999997744,2.3870000000055827,177.31999999999383,45.35299999999752,True,25.57692307692257,-1799.9999999954525
GOLD.pro,Buy,0.31,1.853888888888889,69.13000000000056,74.40000000000282,-54.55999999999972,76.04300000000063,81.8400000000031,-60.01599999999969,False,-73.33333333333017,21.076233183857553
GOLD.pro,Buy,0.32,2.713888888888889,53.44000000000233,359.0399999999936,187.5199999999968,58.784000000002564,394.94399999999297,206.2719999999965,True,52.228163992869916,-250.8982035927931
GOLD.pro,Buy,0.29,0.5286111111111111,324.79999999999467,179.2200000000084,-80.61999999999261,357.2799999999942,197.14200000000926,-88.68199999999189,False,-44.98381877022031,75.17857142857329
GOLD.pro,Buy,0.25,3.263611111111111,14.499999999998181,186.5000000000009,25.0,15.949999999998,205.15000000000103,27.500000000000004,True,13.40482573726535,-72.4137931034699
GOLD.pro,Buy,0.26,0.7436111111111111,172.90000000000236,43.94000000000142,-161.72000000000665,190.1900000000026,48.334000000001566,-177.89200000000733,False,-368.04733727810975,6.466165413531268
GOLD.pro,Buy,0.23,2.687777777777778,-49.91000000000167,240.12000000000126,52.89999999999373,-54.901000000001844,264.1320000000014,58.18999999999311,True,22.030651340993444,205.99078341012213
GOLD.pro,Buy,0.23,1.6897222222222221,165.37000000000126,-17.70999999999958,-156.62999999999874,181.9070000000014,-19.48099999999954,-172.29299999999864,False,884.4155844155981,5.28511821975113
GOLD.pro,Buy,0.2,9.045277777777779,48.80000000000109,393.80000000000115,233.80000000000112,52.32824000000117,422.2717400000012,250.7037400000012,True,59.370238699847754,-379.0983606557293
GOLD.pro,Buy,0.2,7.3438888888888885,24.199999999991633,450.80000000000837,230.600000000004,25.949659999991027,483.39284000000896,247.2723800000043,True,51.1535048802129,-852.8925619838171
GOLD.pro,Buy,0.19,15.918055555555556,130.34000000000242,449.53999999999724,291.0800000000031,139.7635820000026,482.04174199999704,312.12508400000337,True,64.7506339814043,-123.32361516034808
GOLD.pro,Buy,0.19,0.6925,206.72000000000205,71.05999999999585,-67.45000000000346,221.6658560000022,76.19763799999555,-72.3266350000037,False,-94.91978609626709,67.37132352941042
GOLD.pro,Buy,0.19,55.67638888888889,24.3200000000038,459.03999999999724,407.54999999999654,26.07833600000408,492.22859199999704,437.0158649999963,True,88.78311258278124,-1575.7812499997237
GOLD.pro,Buy,0.17,17.29861111111111,30.429999999999385,592.960000000002,441.66000000000037,32.630088999999344,635.8310080000022,473.5920180000004,True,74.48394495412826,-1351.3966480447232
GOLD.pro,Buy,0.16,9.720555555555556,3.040000000000873,564.1600000000035,374.56000000000495,3.259792000000936,604.9487680000037,401.6406880000053,True,66.39251276233739,-12221.05263157557
GOLD.pro,Buy,0.14,1.2213888888888889,11.05999999999949,302.2599999999957,73.77999999999976,11.859637999999455,324.1133979999954,79.11429399999975,True,24.409448818897904,-567.0886075949652
GOLD.pro,Buy,0.13,4.703333333333333,46.02000000000544,119.07999999999812,-19.63000000000284,49.34724600000583,127.68948399999799,-21.049249000003048,False,-16.484716157207885,57.34463276836045
GOLD.pro,Buy,0.13,1.7491666666666668,186.68000000000166,97.11000000000331,-146.6399999999967,200.1769640000018,104.13105300000355,-157.24207199999645,False,-151.00401606424848,21.44846796657629
GOLD.pro,Buy,0.14,1.7230555555555556,70.98000000000229,49.27999999999975,-64.26000000000205,76.72938000000248,53.27167999999973,-69.46506000000221,False,-130.39772727273208,9.467455621301808
GOLD.pro,Buy,0.15,0.6577777777777778,140.99999999999454,116.24999999999999,-4.19999999999618,152.4209999999941,125.66624999999998,-4.54019999999587,False,-3.6129032258031666,97.02127659574728
GOLD.pro,Buy,0.16,2.1905555555555556,59.68000000000029,146.08000000000175,49.11999999999534,64.5140800000003,157.9124800000019,53.09871999999496,True,33.62541073384088,17.694369973198555
GOLD.pro,Buy,0.16,11.953888888888889,18.55999999999767,602.8800000000047,474.4000000000015,20.063359999997484,651.713280000005,512.8264000000016,True,78.68895966029689,-2456.0344827589497
GOLD.pro,Buy,0.17,2.203333333333333,27.87999999999784,369.5800000000041,180.71000000000186,30.138279999997664,399.5159800000044,195.347510000002,True,48.89604415823363,-548.170731707374
GOLD.pro,Buy,0.16,6.345277777777778,141.44000000000233,290.08000000000175,153.11999999999534,152.89664000000252,313.5764800000019,165.52271999999496,True,52.78543849972229,-8.257918552031125
GOLD.pro,Buy,0.16,22.254722222222224,149.91999999999825,175.5199999999968,26.879999999997384,162.0635199999981,189.73711999999654,29.05727999999717,True,15.314494074748106,82.07043756670377
GOLD.pro,Buy,0.16,0.8047222222222222,163.0399999999936,88.80000000000291,-150.87999999999738,176.24623999999307,95.99280000000314,-163.10127999999716,False,-169.90990990990142,7.458292443570101
GOLD.pro,Buy,0.17,12.203611111111112,47.42999999999938,375.36000000000655,272.1700000000037,51.044165999999336,403.9624320000071,292.909354000004,True,72.50905797101422,-473.835125448044
GOLD.pro,Buy,0.17,3.1569444444444446,43.01000000000341,168.80999999999725,-12.070000000000618,46.28736200000367,181.67332199999706,-12.989734000000666,False,-7.150050352467755,71.93675889328142
GOLD.pro,Buy,0.17,16.238055555555555,84.4899999999966,60.18000000000712,-64.76999999999907,90.92813799999634,64.76571600000767,-69.705473999999,False,-107.62711864405352,23.340040241446705
GOLD.pro,Buy,0.18,6.762222222222222,52.20000000000164,212.75999999999476,99.0,56.177640000001766,228.97231199999436,106.5438,True,46.53130287648169,-89.65517241378716
GOLD.pro,Buy,0.18,1.3269444444444445,81.71999999999933,42.840000000001965,-77.57999999999902,87.94706399999929,46.10440800000212,-83.49159599999895,False,-181.09243697477933,5.066079295154609
GOLD.pro,Buy,0.19,4.169444444444444,88.15999999999758,129.77000000000726,1.3300000000031105,94.8777919999974,139.65847400000783,1.4313460000033476,True,1.0248901903390892,98.49137931034126
GOLD.pro,Buy,0.19,4.056388888888889,70.30000000000518,148.95999999999412,2.2799999999979264,75.65686000000558,160.31075199999367,2.4537359999977686,True,1.5306122448966275,96.75675675675994
GOLD.pro,Buy,0.19,4.501944444444445,-6.649999999998273,208.62000000000035,72.57999999999447,-7.213919999998127,226.31097600000038,78.734783999994,True,34.79052823314848,1191.4285714287716
GOLD.pro,Buy,0.2,4.051388888888889,54.60000000000037,63.19999999999709,-53.1999999999971,59.2300800000004,68.55935999999684,-57.71135999999685,False,-84.1772151898727,2.564102564108543
GOLD.pro,Buy,0.2,7.565833333333333,13.800000000001091,303.1999999999971,142.5999999999931,14.970240000001183,328.9113599999968,154.69247999999249,True,47.03166226912746,-933.3333333332016
GOLD.pro,Buy,0.2,5.827222222222222,136.59999999999854,428.99999999999636,198.40000000000146,148.18367999999842,465.37919999999605,215.22432000000157,True,46.247086247086976,-45.24158125915342
GOLD.pro,Buy,0.19,6.501944444444445,137.5600000000045,133.0,3.039999999997235,149.22508800000486,144.2784,3.2977919999970005,True,2.285714285712207,97.79005524862086
GOLD.pro,Buy,0.18,2.062777777777778,56.51999999999771,107.64000000000031,-56.51999999999771,61.312895999997515,116.76787200000034,-61.312895999997515,False,-52.5083612040111,0.0
GOLD.pro,Buy,0.17,8.078055555555556,38.58999999999969,163.87999999999784,27.710000000001855,41.862431999999664,177.77702399999765,30.05980800000201,True,16.908713692947412,28.19383259911356
GOLD.pro,Buy,0.17,1.8394444444444444,132.26000000000343,191.5899999999997,-73.78000000000247,145.77697200000378,211.17049799999967,-81.32031600000273,False,-38.50931677018769,44.21593830334148
GOLD.pro,Buy,0.17,2.0305555555555554,37.40000000000464,104.03999999999816,-32.98000000000093,41.222280000005114,114.67288799999798,-36.35055600000103,False,-31.699346405230212,11.818181818190274
GOLD.pro,Buy,0.15,1.9191666666666667,39.449999999994816,125.40000000000191,-34.64999999999918,43.48178999999429,138.2158800000021,-38.1912299999991,False,-27.63157894736735,12.16730038021867
GOLD.pro,Buy,0.15,7.372222222222222,22.499999999999996,306.90000000000055,161.09999999999673,24.7995,338.2651800000006,177.5644199999964,True,52.49266862169972,-615.9999999999856
GOLD.pro,Buy,0.16,0.8563888888888889,234.08000000000175,-16.959999999999127,-164.15999999999622,258.0029760000019,-18.69331199999904,-180.93715199999585,False,967.9245283019144,29.87012987013201
GOLD.pro,Buy,0.16,3.785833333333333,246.23999999999796,38.400000000001455,-166.23999999999796,271.4057279999978,42.32448000000161,-183.22972799999778,False,-432.91666666664497,32.48862897985732
GOLD.pro,Buy,0.16,1.7483333333333333,89.59999999999854,350.8799999999974,239.36000000000058,98.75711999999841,386.73993599999716,263.82259200000067,True,68.21705426356657,-167.1428571428621
GOLD.pro,Buy,0.16,5.976388888888889,5.919999999998254,362.08000000000175,187.8399999999965,6.5250239999980755,399.08457600000196,207.03724799999617,True,51.87803800265013,-3072.9729729738497
GOLD.pro,Buy,0.17,0.21638888888888888,159.28999999999814,53.89000000000124,-160.14000000000127,175.56943799999797,59.39755800000137,-176.5063080000014,False,-297.1608832807526,-0.5336179295643987
GOLD.pro,Buy,0.17,7.413333333333333,59.50000000000001,84.66000000000031,-60.85999999999877,65.58090000000001,93.31225200000034,-67.07989199999865,False,-71.8875502008015,-2.2857142857122064
GOLD.pro,Buy,0.17,2.801388888888889,171.3599999999988,36.380000000005566,-156.56999999999292,188.87299199999867,40.09803600000614,-172.5714539999922,False,-430.37383177561566,8.630952380955872
GOLD.pro,Buy,0.18,6.724166666666667,70.92000000000098,308.70000000000164,113.03999999999542,78.75666000000109,342.8113500000018,125.53091999999492,True,36.618075801747594,-59.39086294415377
GOLD.pro,Buy,0.19,0.5933333333333334,211.8499999999931,104.69000000000415,-159.02999999999793,235.25942499999232,116.2582450000046,-176.6028149999977,False,-151.90562613429327,24.9327354260075
GOLD.pro,Buy,0.19,3.517777777777778,151.43000000000484,478.22999999999274,342.56999999999516,168.16301500000537,531.074414999992,380.4239849999946,True,71.63289630512523,-126.22333751567338
GOLD.pro,Buy,0.19,4.096666666666667,52.820000000003795,67.63999999999896,-46.74000000000069,58.656610000004214,75.11421999999885,-51.90477000000077,False,-69.1011235955077,11.510791366911523
GOLD.pro,Buy,0.19,0.5277777777777778,108.1099999999924,55.67000000000553,-65.16999999999689,120.05615499999156,61.82153500000614,-72.37128499999655,False,-117.06484641636503,39.71880492091252
GOLD.pro,Buy,0.19,0.09472222222222222,182.39999999999827,27.74000000000069,-162.63999999999896,202.55519999999808,30.805270000000768,-180.61171999999885,False,-586.3013698629953,10.833333333333057
GOLD.pro,Buy,0.19,3.350277777777778,51.300000000005184,237.87999999999965,68.58999999999378,56.96865000000576,264.16573999999963,76.1691949999931,True,28.833865814693908,-33.703703703678066
GOLD.pro,Buy,0.18,3.531111111111111,102.06000000000131,163.9800000000023,6.6599999999980355,113.33763000000145,182.09979000000254,7.3959299999978185,True,4.061470911085463,93.47442680776214
GOLD.pro,Buy,0.19,7.693611111111111,59.46999999999344,559.5500000000052,420.47000000000213,66.04143499999272,621.3802750000058,466.9319350000024,True,75.14431239388763,-607.0287539936918
GOLD.pro,Buy,0.19,1.8502777777777777,14.250000000000002,285.37999999999965,127.4900000000007,15.824625000000003,316.9144899999996,141.57764500000079,True,44.673768308921744,-794.6666666666715
GOLD.pro,Buy,0.18,0.6197222222222222,97.37999999999738,95.40000000000327,-86.93999999999869,106.10524799999713,103.94784000000355,-94.72982399999856,False,-91.13207547169361,10.720887245839979
GOLD.pro,Buy,0.18,4.1691666666666665,47.87999999999738,79.01999999999771,-30.960000000004584,52.17004799999714,86.10019199999749,-33.73401600000499,False,-39.17995444192038,35.33834586464854
GOLD.pro,Buy,0.18,0.5769444444444445,172.25999999999476,128.5199999999977,-162.8999999999951,187.69449599999427,140.0353919999975,-177.49583999999464,False,-126.75070028011048,5.433646812957133
GOLD.pro,Buy,0.17,0.6541666666666667,122.57000000000062,57.28999999999815,-92.99000000000433,133.55227200000067,62.42318399999798,-101.32190400000471,False,-162.31454005935996,24.133148404989914
GOLD.pro,Buy,0.17,3.250277777777778,68.3399999999997,91.63000000000558,-56.43999999999506,74.46326399999967,99.84004800000608,-61.49702399999461,False,-61.595547309823885,17.41293532338996
GOLD.pro,Buy,0.17,18.443055555555556,138.38000000000557,270.9800000000009,133.78999999999814,150.77884800000606,295.259808000001,145.77758399999797,True,49.3726474278536,3.3169533169585463
GOLD.pro,Buy,0.17,7.081388888888889,13.259999999995673,248.71000000000186,137.19000000000278,14.448095999995283,270.994416000002,149.48222400000301,True,55.160628844840076,-934.6153846157433
GOLD.pro,Buy,0.18,52.19888888888889,234.35999999999967,26.100000000004908,-123.4799999999941,255.35865599999963,28.438560000005346,-134.54380799999356,False,-473.1034482757505,47.311827956991685
GOLD.pro,Buy,0.18,0.6063888888888889,207.5400000000036,22.859999999999673,-162.71999999999935,220.6772820000038,24.30703799999965,-173.02017599999928,False,-711.8110236220546,21.59583694709621
GOLD.pro,Buy,0.15,5.1113888888888885,113.55000000000246,35.70000000000164,-87.30000000000246,120.7377150000026,37.95981000000174,-92.82609000000261,False,-244.5378151260461,23.11756935270756
GOLD.pro,Buy,0.15,4.989166666666667,91.19999999999891,239.24999999999724,90.29999999999973,96.97295999999884,254.39452499999706,96.0159899999997,True,37.74294670846427,0.9868421052622721
GOLD.pro,Buy,0.14,5.792222222222223,48.86000000000332,111.29999999999747,1.6799999999984723,51.952838000003524,118.34528999999729,1.7863439999983755,True,1.5094339622628126,96.56160458453058
GOLD.pro,Buy,0.15,10.670277777777779,154.50000000000273,23.099999999999454,-152.25000000000136,161.76150000000285,24.18569999999943,-159.4057500000014,False,-659.0909090909306,1.4563106796125078
GOLD.pro,Buy,0.15,16.854166666666668,99.15000000000191,419.549999999997,273.5999999999967,103.810050000002,439.2688499999968,286.45919999999654,True,65.21272792277408,-175.94553706504433
GOLD.pro,Buy,0.15,16.6775,141.00000000000136,456.1499999999978,329.40000000000055,147.62700000000143,477.58904999999766,344.88180000000057,True,72.21308780006623,-133.61702127659387
GOLD.pro,Buy,0.15,0.9083333333333333,50.70000000000163,81.60000000000082,-35.249999999998636,53.0829000000017,85.43520000000085,-36.90674999999857,False,-43.1985294117626,30.47337278107001
GOLD.pro,Buy,0.16,13.133888888888889,17.599999999998545,152.4800000000032,31.52000000000407,18.427199999998475,159.64656000000335,33.00144000000426,True,20.671563483737806,-79.09090909094702
GOLD.pro,Buy,0.17,7.738611111111111,71.39999999999691,150.79000000000588,51.67999999999938,73.77761999999682,155.81130700000608,53.40094399999936,True,34.272829763245156,27.61904761904535
GOLD.pro,Buy,0.17,2.164722222222222,35.19000000000278,250.24000000000433,125.12000000000216,36.36182700000288,258.5729920000045,129.28649600000224,True,50.0,-255.5555555555336
GOLD.pro,Buy,0.17,7.238888888888889,6.1200000000021655,182.919999999996,83.46999999999754,6.323796000002238,189.0112359999959,86.24955099999747,True,45.6319702602227,-1263.8888888883662
GOLD.pro,Buy,0.18,6.580555555555556,-21.420000000000982,268.74000000000524,117.5400000000036,-22.133286000001018,277.68904200000543,121.45408200000374,True,43.73744139316861,648.7394957983109
GOLD.pro,Buy,0.18,7.639722222222222,2.519999999997708,416.7000000000016,284.0400000000036,2.603915999997632,430.5761100000017,293.49853200000376,True,68.16414686825114,-11171.428571438966
GOLD.pro,Buy,0.19,4.234166666666667,-16.149999999998272,353.2099999999941,161.5,-16.687794999998218,364.97189299999394,166.87795000000003,True,45.72350726196956,1100.0000000001069
GOLD.pro,Buy,0.18,0.5469444444444445,5.579999999999018,243.36000000000783,125.64000000000033,5.809895999998977,253.38643200000814,130.81636800000032,True,51.62721893490971,-2151.612903226209
GOLD.pro,Buy,0.17,24.15388888888889,33.32000000000062,784.5500000000017,565.9299999999994,34.69278400000064,816.8734600000016,589.2463159999993,True,72.13434452871049,-1598.4693877550687
GOLD.pro,Buy,0.17,1.5997222222222223,39.10000000000309,227.62999999999786,9.349999999995362,40.71092000000321,237.00835599999775,9.73521999999517,True,4.107542942492399,76.08695652175288
GOLD.pro,Buy,0.16,7.270277777777777,13.919999999998254,386.72000000000116,180.95999999999913,14.49350399999818,402.65286400000116,188.41555199999908,True,46.793545717831655,-1200.000000000157
GOLD.pro,Buy,0.15,3.6308333333333334,10.650000000000546,148.50000000000136,26.699999999996177,11.088780000000567,154.6182000000014,27.800039999996017,True,17.97979797979524,-150.70422535206393
GOLD.pro,Buy,0.15,5.642777777777778,46.49999999999863,117.30000000000244,13.049999999998363,48.41579999999857,122.13276000000253,13.587659999998294,True,11.125319693093003,71.93548387097044
GOLD.pro,Buy,0.15,1.8622222222222222,201.90000000000055,-17.85000000000082,-147.30000000000246,210.21828000000056,-18.585420000000852,-153.36876000000254,False,825.2100840335894,27.043090638929147
GOLD.pro,Buy,0.15,2.3672222222222223,70.799999999997,91.65000000000191,-42.14999999999918,73.71695999999687,95.42598000000199,-43.88657999999914,False,-45.990180032731374,40.46610169491389
GOLD.pro,Buy,0.14,6.804166666666666,-14.419999999996435,455.00000000000006,304.7799999999998,-15.57936799999615,491.58200000000005,329.2843119999998,True,66.98461538461532,2213.59223301023
GOLD.pro,Buy,0.14,1.246388888888889,162.95999999999825,27.720000000000255,-154.42000000000283,176.06198399999812,29.948688000000274,-166.83536800000306,False,-557.0707070707122,5.240549828175937
GOLD.pro,Buy,0.14,0.7655555555555555,197.6799999999985,50.82000000000153,-160.86000000000334,213.5734719999984,54.90592800000165,-173.79314400000362,False,-316.5289256198318,18.62606232294387
GOLD.pro,Buy,0.14,0.6644444444444444,153.02000000000407,0.9799999999959256,-155.54000000000178,165.32280800000441,1.058791999995598,-168.04541600000192,False,-15871.42857149474,-1.6468435498612215
GOLD.pro,Buy,0.14,20.105833333333333,132.0199999999977,94.77999999999976,-46.47999999999593,142.63440799999753,102.40031199999974,-50.21699199999561,False,-49.039881831605875,64.79321314952527
GOLD.pro,Buy,0.14,14.55,10.919999999996435,348.4599999999983,232.82000000000153,11.797967999996148,376.47618399999817,251.53872800000167,True,66.81398151868298,-2032.0512820519923
GOLD.pro,Buy,0.14,5.297777777777778,91.27999999999975,56.00000000000001,-82.73999999999798,98.61891199999972,60.50240000000001,-89.39229599999781,False,-147.74999999999636,9.35582822086086
GOLD.pro,Buy,0.15,2.937222222222222,4.19999999999618,153.75,22.05000000000382,4.5376799999958735,166.1115,23.82282000000413,True,14.341463414636632,-425.00000000056843
GOLD.pro,Buy,0.15,2.2933333333333334,61.34999999999536,104.25000000000408,-2.8499999999939973,66.282539999995,112.63170000000441,-3.0791399999935147,False,-2.733812949634423,95.3545232273933
GOLD.pro,Buy,0.15,0.5105555555555555,159.90000000000464,-22.650000000003274,-154.64999999999918,172.75596000000502,-24.471060000003536,-167.0838599999991,False,682.7814569535401,3.2833020637931867
GOLD.pro,Buy,0.15,8.521944444444445,34.94999999999891,266.9999999999959,128.99999999999864,37.75997999999882,288.4667999999956,139.37159999999852,True,48.314606741573265,-269.09871244635957
GOLD.pro,Buy,0.15,5.823611111111111,78.299999999997,107.09999999999809,-57.4499999999989,84.59531999999676,115.71083999999794,-62.06897999999882,False,-53.64145658263298,26.62835249042005
GOLD.pro,Buy,0.15,1.1388888888888888,184.19999999999618,36.60000000000082,-152.99999999999727,199.00967999999588,39.54264000000089,-165.30119999999707,False,-418.0327868852291,16.938110749185427
GOLD.pro,Buy,0.15,3.2880555555555557,64.04999999999973,95.99999999999453,-60.60000000000627,69.19961999999971,103.71839999999409,-65.47224000000678,False,-63.125000000010125,5.386416861816508
GOLD.pro,Buy,0.14,1.1397222222222223,6.580000000003566,259.55999999999955,63.83999999999924,7.3880240000040045,291.4339679999995,71.67955199999915,True,24.595469255663183,-870.2127659569095
GOLD.pro,Buy,0.1,1.0594444444444444,54.30000000000291,171.79999999999836,-36.400000000003274,60.96804000000327,192.89703999999816,-40.869920000003674,False,-21.18742724097999,32.965009208100696
GOLD.pro,Buy,0.09,0.8830555555555556,166.5,-16.109999999999673,-162.90000000000327,186.9462,-18.088307999999632,-182.90412000000367,False,1011.1731843575828,2.162162162160196
GOLD.pro,Buy,0.09,11.85361111111111,54.89999999999918,639.4500000000016,429.6600000000021,61.64171999999908,717.9744600000018,482.4222480000024,True,67.19211822660115,-682.6229508196877
GOLD.pro,Buy,0.09,1.0469444444444445,161.09999999999673,2.6100000000037653,-160.46999999999935,180.88307999999634,2.930508000004228,-180.17571599999926,False,-6148.275862060071,0.39106145251234853
GOLD.pro,Buy,0.09,0.18666666666666668,159.75,-75.96000000000049,-158.12999999999738,179.3673,-85.28788800000055,-177.54836399999706,False,208.1753554502322,1.014084507043893
GOLD.pro,Buy,0.09,4.497222222222222,15.570000000000164,578.340000000002,393.3900000000003,17.481996000000183,649.3601520000022,441.6982920000004,True,68.02054154995314,-2426.589595375698
GOLD.pro,Buy,0.08,14.61111111111111,136.3199999999997,469.84000000000015,290.64000000000306,153.67353599999967,529.6506320000002,327.63847200000345,True,61.85935637663948,-113.20422535211536
GOLD.pro,Buy,0.08,12.788055555555555,134.87999999999738,518.2400000000016,328.8000000000029,152.05022399999703,584.2119520000018,370.65624000000327,True,63.44550787280061,-143.77224199288946
GOLD.pro,Buy,0.08,1.72,46.2400000000016,154.15999999999985,-2.8800000000010186,52.1263520000018,173.78456799999984,-3.246624000001148,False,-1.8681888946555665,93.77162629757588
GOLD.pro,Buy,0.09,10.0,170.82000000000016,45.990000000001146,-165.9600000000005,192.5653860000002,51.84452700000129,-187.08670800000056,False,-360.8610567514598,2.845100105373884
GOLD.pro,Buy,0.09,2.2527777777777778,24.030000000000655,99.89999999999918,-18.989999999997053,27.706590000000755,115.18469999999905,-21.895469999996603,False,-19.009009009006213,20.97378277155
GOLD.pro,Buy,0.1,2.9569444444444444,101.39999999999874,108.40000000000146,-41.59999999999855,116.91419999999854,124.98520000000168,-47.964799999998334,False,-38.37638376383579,58.974358974359895
GOLD.pro,Buy,0.1,0.4563888888888889,171.5000000000009,110.69999999999709,-167.20000000000255,197.73950000000104,127.63709999999665,-192.78160000000295,False,-151.03884372177683,2.5072886297366415
GOLD.pro,Buy,0.1,3.8269444444444445,25.39999999999964,241.3000000000011,95.39999999999964,29.286199999999585,278.21890000000127,109.99619999999959,True,39.53584749274729,-275.59055118110626
GOLD.pro,Buy,0.11,0.9505555555555556,37.0700000000038,79.199999999998,-36.300000000002,42.74171000000438,91.3175999999977,-41.853900000002305,False,-45.833333333337016,2.0771513353162177
GOLD.pro,Buy,0.1,0.5283333333333333,46.099999999996726,132.10000000000036,-42.100000000000364,53.15329999999623,152.31130000000041,-48.54130000000042,False,-31.869795609387015,8.676789587845219
GOLD.pro,Buy,0.11,0.8008333333333333,167.3100000000004,76.5600000000004,-170.7199999999998,192.90843000000046,88.27368000000047,-196.84015999999977,False,-222.98850574712503,-2.038132807363213
GOLD.pro,Buy,0.12,3.3361111111111112,71.28000000000065,93.1200000000026,-49.32000000000152,83.26929600000076,108.78278400000303,-57.61562400000177,False,-52.963917525773354,30.808080808079307
GOLD.pro,Buy,0.12,1.5730555555555557,69.0,43.32000000000152,-70.91999999999825,80.60579999999999,50.60642400000177,-82.84874399999795,False,-163.71191135733093,-2.782608695649643
GOLD.pro,Buy,0.12,2.338888888888889,160.80000000000106,8.280000000000655,-161.52000000000044,187.84656000000123,9.672696000000764,-188.6876640000005,False,-1950.7246376810106,-0.4477611940294582
GOLD.pro,Buy,0.13,8.376111111111111,67.08000000000402,176.669999999996,56.289999999999054,78.36285600000468,206.38589399999532,65.75797799999889,True,31.861662987490984,16.085271317835897
GOLD.pro,Buy,0.13,2.7194444444444446,97.62999999999693,69.94000000000142,-93.47000000000071,114.0513659999964,81.70390800000165,-109.19165400000082,False,-133.64312267657823,4.260985352859108
GOLD.pro,Buy,0.13,0.6425,393.50999999999976,142.6100000000033,-160.80999999999858,459.6983819999997,166.59700200000384,-187.85824199999834,False,-112.76207839562082,59.13445655764817
GOLD.pro,Buy,0.13,4.482222222222222,60.45000000000118,112.83999999999787,5.329999999998108,70.61769000000137,131.8196879999975,6.22650599999779,True,4.723502304145878,91.18279569892803
GOLD.pro,Buy,0.14,1.5133333333333334,49.00000000000001,259.13999999999675,43.54000000000179,57.241800000000005,302.7273479999962,50.86342800000209,True,16.801728795246714,11.142857142853503
GOLD.pro,Buy,0.14,1.1308333333333334,161.14000000000308,-7.000000000000001,-160.86000000000334,188.2437480000036,-8.1774,-187.9166520000039,False,2298.0000000000473,0.17376194613363533
GOLD.pro,Buy,0.14,3.9491666666666667,-178.5,557.0599999999995,354.619999999999,-208.00605,649.1420179999994,413.23868599999884,True,63.659210856999124,298.6666666666661
GOLD.pro,Buy,0.14,1.4594444444444445,56.70000000000255,67.89999999999873,-49.83999999999924,66.07251000000296,79.12386999999852,-58.07855199999912,False,-73.40206185567037,12.098765432104049
GOLD.pro,Buy,0.15,1.3769444444444445,78.45000000000027,181.4999999999986,54.750000000001364,91.41778500000032,211.50194999999837,63.80017500000159,True,30.16528925619933,30.210325047799653
GOLD.pro,Buy,0.14,1.1141666666666667,104.58000000000358,31.639999999996693,-107.10000000000129,121.86707400000417,36.87009199999615,-124.8036300000015,False,-338.4955752212784,-2.4096385542145935
GOLD.pro,Buy,0.14,0.6497222222222222,164.0799999999972,-6.299999999997453,-166.17999999999847,191.20242399999674,-7.341389999997032,-193.64955399999823,False,2637.7777777788197,-1.279863481229467
GOLD.pro,Buy,0.14,0.19527777777777777,165.20000000000258,34.5799999999972,-165.33999999999924,192.507560000003,40.296073999996736,-192.6707019999991,False,-478.1376518218988,-0.08474576270984191
GOLD.pro,Buy,0.14,2.7022222222222223,164.77999999999977,-1.5399999999954161,-164.35999999999694,192.01813399999975,-1.7945619999946585,-191.52870799999644,False,10672.72727275884,0.25488530161599116
GOLD.pro,Buy,0.16,1.8369444444444445,73.76000000000204,421.27999999999884,242.87999999999735,85.95252800000237,490.91758399999867,283.0280639999969,True,57.65286745157569,-229.28416485898947
GOLD.pro,Buy,0.16,0.7302777777777778,59.68000000000029,121.44000000000233,-32.0,69.54510400000034,141.51403200000271,-37.2896,False,-26.350461133069324,46.3806970509386
GOLD.pro,Buy,0.16,8.39638888888889,43.68000000000029,83.19999999999709,-38.55999999999767,50.90030400000034,96.95295999999661,-44.933967999997286,False,-46.346153846152674,11.72161172161764
GOLD.pro,Buy,0.17,4.172777777777778,0.8499999999953616,456.9600000000019,342.03999999999814,0.9905049999945948,532.4954880000022,398.5792119999978,True,74.85119047618976,-40140.00000021937
GOLD.pro,Buy,0.16,2.063888888888889,21.44000000000233,299.3600000000006,12.0,25.155552000002732,351.23908800000066,14.0796,True,4.008551576696946,44.02985074627473
GOLD.pro,Buy,0.16,8.9275,111.5199999999968,802.4000000000015,632.4800000000032,130.84641599999625,941.4559200000017,742.0887840000038,True,78.82352941176495,-467.1449067432042
GOLD.pro,Buy,0.15,1.8525,95.54999999999836,286.6500000000019,105.0,112.10881499999807,336.32644500000225,123.1965,True,36.630036630036386,-9.890109890111773
GOLD.pro,Buy,0.14,11.0175,36.53999999999542,645.260000000002,440.58000000000357,42.87238199999463,757.0835580000024,516.9325140000042,True,68.27945324365405,-1105.7471264369424
GOLD.pro,Buy,0.14,0.23722222222222222,273.8399999999993,-46.61999999999898,-172.1999999999962,321.2964719999992,-54.69924599999881,-202.04225999999557,False,369.36936936936934,37.116564417179134
GOLD.pro,Buy,0.14,11.651666666666667,38.079999999997206,456.68000000000484,305.7600000000021,44.67926399999672,535.8226440000057,358.7482080000025,True,66.95278969957057,-702.9411764706527
GOLD.pro,Buy,0.14,0.08861111111111111,219.5199999999977,39.760000000002044,-174.72000000000028,257.5628159999973,46.6504080000024,-204.99897600000034,False,-439.43661971828794,20.408163265305163
GOLD.pro,Buy,0.13,54.791666666666664,84.37000000000307,190.45000000000118,183.55999999999858,98.99132100000361,223.4549850000014,215.37094799999835,True,96.38225255972563,-117.56548536208594
GOLD.pro,Buy,0.13,8.411111111111111,-1.8199999999983447,549.5099999999998,346.83999999999793,-2.1354059999980577,644.7400829999997,406.9473719999976,True,63.118050626921814,19157.142857160077
GOLD.pro,Buy,0.13,4.741666666666666,104.3900000000026,56.549999999998825,-81.12000000000307,122.48078700000305,66.35011499999862,-95.1780960000036,False,-143.44827586207737,22.291407222913065
GOLD.pro,Buy,0.12,5.616666666666666,-2.5200000000004366,430.56000000000125,277.3200000000015,-2.956716000000512,505.17604800000146,325.3795560000018,True,64.40914158305479,11104.761904760058
GOLD.pro,Buy,0.12,1.005,3.2399999999997817,242.64000000000303,100.68000000000393,3.801491999999744,284.68951200000356,118.12784400000461,True,41.49357072205847,-3007.407407407738
GOLD.pro,Buy,0.11,0.17916666666666667,159.8300000000022,-31.129999999999196,-161.700000000003,186.01015400000256,-36.229093999999066,-188.18646000000348,False,519.4346289752881,-1.1699931176880276
GOLD.pro,Buy,0.11,3.5875,62.479999999998206,230.8900000000026,46.6400000000026,72.71422399999791,268.70978200000303,54.279632000003026,True,20.200095283469217,25.35211267605003
GOLD.pro,Buy,0.07,0.26694444444444443,175.06999999999516,-4.969999999993888,-167.29999999999748,203.74646599999437,-5.784085999992887,-194.70373999999705,False,3366.1971831026804,4.438224710114751
GOLD.pro,Buy,0.05,2.82,98.14999999999827,53.6500000000001,-89.04999999999973,114.22696999999799,62.43787000000011,-103.63638999999968,False,-165.98322460391344,9.271523178806627
GOLD.pro,Buy,0.06,5.5569444444444445,13.38000000000011,86.16000000000076,-14.819999999998798,15.468618000000125,99.60957600000087,-17.133401999998608,False,-17.20055710306252,-10.762331838555134
GOLD.pro,Buy,0.06,9.373611111111112,82.3199999999988,76.26000000000022,-21.419999999998254,95.17015199999861,88.16418600000024,-24.76366199999798,False,-28.088119590870956,73.97959183673643
GOLD.pro,Buy,0.07,5.782777777777778,2.4500000000025466,200.82999999999723,88.4800000000023,2.8324450000029437,232.17956299999676,102.29172800000266,True,44.057162774487644,-3511.428571424912
GOLD.pro,Buy,0.07,4.205555555555556,-74.75999999999567,437.5699999999952,310.869999999999,-86.43003599999498,505.87467699999445,359.3968069999988,True,71.04463285874314,515.8239700374759
GOLD.pro,Buy,0.06,5.847777777777778,35.39999999999782,156.90000000000325,26.700000000004366,40.925939999997475,181.39209000000375,30.867870000005045,True,17.017208413004344,24.576271186423696
GOLD.pro,Buy,0.06,1.3919444444444444,81.71999999999933,49.80000000000109,-79.61999999999989,94.47649199999923,57.57378000000126,-92.04868199999987,False,-159.87951807228544,2.569750367106531
GOLD.pro,Buy,0.06,4.350833333333333,35.6999999999989,166.14000000000303,27.119999999999887,41.27276999999873,192.07445400000347,31.353431999999867,True,16.323582520765253,24.03361344537613
GOLD.pro,Buy,0.06,6.387777777777778,-52.07999999999628,256.4399999999987,150.11999999999716,-60.209687999995694,296.47028399999846,173.5537319999967,True,58.54000935891356,388.2488479262824
GOLD.pro,Buy,0.06,1.3544444444444443,74.64000000000304,63.78000000000065,-57.780000000000655,86.2913040000035,73.73605800000074,-66.79945800000075,False,-90.59266227657584,22.588424437301313
GOLD.pro,Buy,0.06,3.1597222222222223,69.3600000000024,116.21999999999935,-64.56000000000131,80.18709600000277,134.36194199999923,-74.63781600000151,False,-55.54981930821001,6.920415224914829
GOLD.pro,Buy,0.07,3.3975,-17.99000000000433,137.9000000000051,31.150000000005097,-20.798239000005005,159.42619000000587,36.01251500000589,True,22.58883248731251,273.1517509727493
